run_id,model,hook,injection_stage,severity,stage,p,metric,mean,n_images
p2/dit_pilot_25656645/noise_x_s197_sev0.25,dit,noise_x,197,0.25,999,0.0,state_l2:x,0.0,16
p2/dit_pilot_25656645/noise_x_s197_sev0.25,dit,noise_x,197,0.25,999,0.0,state_rel_l2:x,0.0,16
p2/dit_pilot_25656645/noise_x_s197_sev0.25,dit,noise_x,197,0.25,999,0.0,state_cos:x,1.0000000223517418,16
p2/dit_pilot_25656645/noise_x_s197_sev0.25,dit,noise_x,197,0.25,999,0.0,state_l2:pred_xstart,0.0,16
p2/dit_pilot_25656645/noise_x_s197_sev0.25,dit,noise_x,197,0.25,999,0.0,state_rel_l2:pred_xstart,0.0,16
p2/dit_pilot_25656645/noise_x_s197_sev0.25,dit,noise_x,197,0.25,999,0.0,state_cos:pred_xstart,1.0,16
p2/dit_pilot_25656645/noise_x_s197_sev0.25,dit,noise_x,197,0.25,899,0.10040160642570281,state_l2:x,0.0,16
p2/dit_pilot_25656645/noise_x_s197_sev0.25,dit,noise_x,197,0.25,899,0.10040160642570281,state_rel_l2:x,0.0,16
p2/dit_pilot_25656645/noise_x_s197_sev0.25,dit,noise_x,197,0.25,899,0.10040160642570281,state_cos:x,0.9999999739229679,16
p2/dit_pilot_25656645/noise_x_s197_sev0.25,dit,noise_x,197,0.25,899,0.10040160642570281,state_l2:pred_xstart,0.0,16
p2/dit_pilot_25656645/noise_x_s197_sev0.25,dit,noise_x,197,0.25,899,0.10040160642570281,state_rel_l2:pred_xstart,0.0,16
p2/dit_pilot_25656645/noise_x_s197_sev0.25,dit,noise_x,197,0.25,899,0.10040160642570281,state_cos:pred_xstart,1.0000000149011612,16
p2/dit_pilot_25656645/noise_x_s197_sev0.25,dit,noise_x,197,0.25,798,0.20080321285140562,state_l2:x,0.0,16
p2/dit_pilot_25656645/noise_x_s197_sev0.25,dit,noise_x,197,0.25,798,0.20080321285140562,state_rel_l2:x,0.0,16
p2/dit_pilot_25656645/noise_x_s197_sev0.25,dit,noise_x,197,0.25,798,0.20080321285140562,state_cos:x,0.9999999329447746,16
p2/dit_pilot_25656645/noise_x_s197_sev0.25,dit,noise_x,197,0.25,798,0.20080321285140562,state_l2:pred_xstart,0.0,16
p2/dit_pilot_25656645/noise_x_s197_sev0.25,dit,noise_x,197,0.25,798,0.20080321285140562,state_rel_l2:pred_xstart,0.0,16
p2/dit_pilot_25656645/noise_x_s197_sev0.25,dit,noise_x,197,0.25,798,0.20080321285140562,state_cos:pred_xstart,0.999999962747097,16
p2/dit_pilot_25656645/noise_x_s197_sev0.25,dit,noise_x,197,0.25,698,0.30120481927710846,state_l2:x,0.0,16
p2/dit_pilot_25656645/noise_x_s197_sev0.25,dit,noise_x,197,0.25,698,0.30120481927710846,state_rel_l2:x,0.0,16
p2/dit_pilot_25656645/noise_x_s197_sev0.25,dit,noise_x,197,0.25,698,0.30120481927710846,state_cos:x,0.9999999776482582,16
p2/dit_pilot_25656645/noise_x_s197_sev0.25,dit,noise_x,197,0.25,698,0.30120481927710846,state_l2:pred_xstart,0.0,16
p2/dit_pilot_25656645/noise_x_s197_sev0.25,dit,noise_x,197,0.25,698,0.30120481927710846,state_rel_l2:pred_xstart,0.0,16
p2/dit_pilot_25656645/noise_x_s197_sev0.25,dit,noise_x,197,0.25,698,0.30120481927710846,state_cos:pred_xstart,1.0000000186264515,16
p2/dit_pilot_25656645/noise_x_s197_sev0.25,dit,noise_x,197,0.25,598,0.40160642570281124,state_l2:x,0.0,16
p2/dit_pilot_25656645/noise_x_s197_sev0.25,dit,noise_x,197,0.25,598,0.40160642570281124,state_rel_l2:x,0.0,16
p2/dit_pilot_25656645/noise_x_s197_sev0.25,dit,noise_x,197,0.25,598,0.40160642570281124,state_cos:x,1.0000000149011612,16
p2/dit_pilot_25656645/noise_x_s197_sev0.25,dit,noise_x,197,0.25,598,0.40160642570281124,state_l2:pred_xstart,0.0,16
p2/dit_pilot_25656645/noise_x_s197_sev0.25,dit,noise_x,197,0.25,598,0.40160642570281124,state_rel_l2:pred_xstart,0.0,16
p2/dit_pilot_25656645/noise_x_s197_sev0.25,dit,noise_x,197,0.25,598,0.40160642570281124,state_cos:pred_xstart,0.9999999888241291,16
p2/dit_pilot_25656645/noise_x_s197_sev0.25,dit,noise_x,197,0.25,497,0.5020080321285141,state_l2:x,0.0,16
p2/dit_pilot_25656645/noise_x_s197_sev0.25,dit,noise_x,197,0.25,497,0.5020080321285141,state_rel_l2:x,0.0,16
p2/dit_pilot_25656645/noise_x_s197_sev0.25,dit,noise_x,197,0.25,497,0.5020080321285141,state_cos:x,1.0000000186264515,16
p2/dit_pilot_25656645/noise_x_s197_sev0.25,dit,noise_x,197,0.25,497,0.5020080321285141,state_l2:pred_xstart,0.0,16
p2/dit_pilot_25656645/noise_x_s197_sev0.25,dit,noise_x,197,0.25,497,0.5020080321285141,state_rel_l2:pred_xstart,0.0,16
p2/dit_pilot_25656645/noise_x_s197_sev0.25,dit,noise_x,197,0.25,497,0.5020080321285141,state_cos:pred_xstart,1.0000000409781933,16
p2/dit_pilot_25656645/noise_x_s197_sev0.25,dit,noise_x,197,0.25,397,0.6024096385542169,state_l2:x,0.0,16
p2/dit_pilot_25656645/noise_x_s197_sev0.25,dit,noise_x,197,0.25,397,0.6024096385542169,state_rel_l2:x,0.0,16
p2/dit_pilot_25656645/noise_x_s197_sev0.25,dit,noise_x,197,0.25,397,0.6024096385542169,state_cos:x,1.0000000074505806,16
p2/dit_pilot_25656645/noise_x_s197_sev0.25,dit,noise_x,197,0.25,397,0.6024096385542169,state_l2:pred_xstart,0.0,16
p2/dit_pilot_25656645/noise_x_s197_sev0.25,dit,noise_x,197,0.25,397,0.6024096385542169,state_rel_l2:pred_xstart,0.0,16
p2/dit_pilot_25656645/noise_x_s197_sev0.25,dit,noise_x,197,0.25,397,0.6024096385542169,state_cos:pred_xstart,1.0000000037252903,16
p2/dit_pilot_25656645/noise_x_s197_sev0.25,dit,noise_x,197,0.25,297,0.7028112449799196,state_l2:x,0.0,16
p2/dit_pilot_25656645/noise_x_s197_sev0.25,dit,noise_x,197,0.25,297,0.7028112449799196,state_rel_l2:x,0.0,16
p2/dit_pilot_25656645/noise_x_s197_sev0.25,dit,noise_x,197,0.25,297,0.7028112449799196,state_cos:x,1.0000000223517418,16
p2/dit_pilot_25656645/noise_x_s197_sev0.25,dit,noise_x,197,0.25,297,0.7028112449799196,state_l2:pred_xstart,0.0,16
p2/dit_pilot_25656645/noise_x_s197_sev0.25,dit,noise_x,197,0.25,297,0.7028112449799196,state_rel_l2:pred_xstart,0.0,16
p2/dit_pilot_25656645/noise_x_s197_sev0.25,dit,noise_x,197,0.25,297,0.7028112449799196,state_cos:pred_xstart,1.0000000558793545,16
p2/dit_pilot_25656645/noise_x_s197_sev0.25,dit,noise_x,197,0.25,197,0.8032128514056225,state_l2:x,14.763195216655731,16
p2/dit_pilot_25656645/noise_x_s197_sev0.25,dit,noise_x,197,0.25,197,0.8032128514056225,state_rel_l2:x,0.24972368590533733,16
p2/dit_pilot_25656645/noise_x_s197_sev0.25,dit,noise_x,197,0.25,197,0.8032128514056225,state_cos:x,0.970163457095623,16
p2/dit_pilot_25656645/noise_x_s197_sev0.25,dit,noise_x,197,0.25,197,0.8032128514056225,state_l2:pred_xstart,0.0,16
p2/dit_pilot_25656645/noise_x_s197_sev0.25,dit,noise_x,197,0.25,197,0.8032128514056225,state_rel_l2:pred_xstart,0.0,16
p2/dit_pilot_25656645/noise_x_s197_sev0.25,dit,noise_x,197,0.25,197,0.8032128514056225,state_cos:pred_xstart,0.999999962747097,16
p2/dit_pilot_25656645/noise_x_s197_sev0.25,dit,noise_x,197,0.25,96,0.9036144578313253,state_l2:x,8.827303141355515,16
p2/dit_pilot_25656645/noise_x_s197_sev0.25,dit,noise_x,197,0.25,96,0.9036144578313253,state_rel_l2:x,0.15430394280701876,16
p2/dit_pilot_25656645/noise_x_s197_sev0.25,dit,noise_x,197,0.25,96,0.9036144578313253,state_cos:x,0.9882804714143276,16
p2/dit_pilot_25656645/noise_x_s197_sev0.25,dit,noise_x,197,0.25,96,0.9036144578313253,state_l2:pred_xstart,8.96815511584282,16
p2/dit_pilot_25656645/noise_x_s197_sev0.25,dit,noise_x,197,0.25,96,0.9036144578313253,state_rel_l2:pred_xstart,0.1658054511062801,16
p2/dit_pilot_25656645/noise_x_s197_sev0.25,dit,noise_x,197,0.25,96,0.9036144578313253,state_cos:pred_xstart,0.9861463122069836,16
p2/dit_pilot_25656645/noise_x_s197_sev0.25,dit,noise_x,197,0.25,0,1.0,state_l2:x,9.469278544187546,16
p2/dit_pilot_25656645/noise_x_s197_sev0.25,dit,noise_x,197,0.25,0,1.0,state_rel_l2:x,0.16845293203368783,16
p2/dit_pilot_25656645/noise_x_s197_sev0.25,dit,noise_x,197,0.25,0,1.0,state_cos:x,0.98577044531703,16
p2/dit_pilot_25656645/noise_x_s197_sev0.25,dit,noise_x,197,0.25,0,1.0,state_l2:pred_xstart,9.469278544187546,16
p2/dit_pilot_25656645/noise_x_s197_sev0.25,dit,noise_x,197,0.25,0,1.0,state_rel_l2:pred_xstart,0.16845293203368783,16
p2/dit_pilot_25656645/noise_x_s197_sev0.25,dit,noise_x,197,0.25,0,1.0,state_cos:pred_xstart,0.98577044531703,16
p2/dit_pilot_25656645/noise_x_s197_sev1.0,dit,noise_x,197,1.0,999,0.0,state_l2:x,0.0,16
p2/dit_pilot_25656645/noise_x_s197_sev1.0,dit,noise_x,197,1.0,999,0.0,state_rel_l2:x,0.0,16
p2/dit_pilot_25656645/noise_x_s197_sev1.0,dit,noise_x,197,1.0,999,0.0,state_cos:x,1.0000000223517418,16
p2/dit_pilot_25656645/noise_x_s197_sev1.0,dit,noise_x,197,1.0,999,0.0,state_l2:pred_xstart,0.0,16
p2/dit_pilot_25656645/noise_x_s197_sev1.0,dit,noise_x,197,1.0,999,0.0,state_rel_l2:pred_xstart,0.0,16
p2/dit_pilot_25656645/noise_x_s197_sev1.0,dit,noise_x,197,1.0,999,0.0,state_cos:pred_xstart,1.0,16
p2/dit_pilot_25656645/noise_x_s197_sev1.0,dit,noise_x,197,1.0,899,0.10040160642570281,state_l2:x,0.0,16
p2/dit_pilot_25656645/noise_x_s197_sev1.0,dit,noise_x,197,1.0,899,0.10040160642570281,state_rel_l2:x,0.0,16
p2/dit_pilot_25656645/noise_x_s197_sev1.0,dit,noise_x,197,1.0,899,0.10040160642570281,state_cos:x,0.9999999739229679,16
p2/dit_pilot_25656645/noise_x_s197_sev1.0,dit,noise_x,197,1.0,899,0.10040160642570281,state_l2:pred_xstart,0.0,16
p2/dit_pilot_25656645/noise_x_s197_sev1.0,dit,noise_x,197,1.0,899,0.10040160642570281,state_rel_l2:pred_xstart,0.0,16
p2/dit_pilot_25656645/noise_x_s197_sev1.0,dit,noise_x,197,1.0,899,0.10040160642570281,state_cos:pred_xstart,1.0000000149011612,16
p2/dit_pilot_25656645/noise_x_s197_sev1.0,dit,noise_x,197,1.0,798,0.20080321285140562,state_l2:x,0.0,16
p2/dit_pilot_25656645/noise_x_s197_sev1.0,dit,noise_x,197,1.0,798,0.20080321285140562,state_rel_l2:x,0.0,16
p2/dit_pilot_25656645/noise_x_s197_sev1.0,dit,noise_x,197,1.0,798,0.20080321285140562,state_cos:x,0.9999999329447746,16
p2/dit_pilot_25656645/noise_x_s197_sev1.0,dit,noise_x,197,1.0,798,0.20080321285140562,state_l2:pred_xstart,0.0,16
p2/dit_pilot_25656645/noise_x_s197_sev1.0,dit,noise_x,197,1.0,798,0.20080321285140562,state_rel_l2:pred_xstart,0.0,16
p2/dit_pilot_25656645/noise_x_s197_sev1.0,dit,noise_x,197,1.0,798,0.20080321285140562,state_cos:pred_xstart,0.999999962747097,16
p2/dit_pilot_25656645/noise_x_s197_sev1.0,dit,noise_x,197,1.0,698,0.30120481927710846,state_l2:x,0.0,16
p2/dit_pilot_25656645/noise_x_s197_sev1.0,dit,noise_x,197,1.0,698,0.30120481927710846,state_rel_l2:x,0.0,16
p2/dit_pilot_25656645/noise_x_s197_sev1.0,dit,noise_x,197,1.0,698,0.30120481927710846,state_cos:x,0.9999999776482582,16
p2/dit_pilot_25656645/noise_x_s197_sev1.0,dit,noise_x,197,1.0,698,0.30120481927710846,state_l2:pred_xstart,0.0,16
p2/dit_pilot_25656645/noise_x_s197_sev1.0,dit,noise_x,197,1.0,698,0.30120481927710846,state_rel_l2:pred_xstart,0.0,16
p2/dit_pilot_25656645/noise_x_s197_sev1.0,dit,noise_x,197,1.0,698,0.30120481927710846,state_cos:pred_xstart,1.0000000186264515,16
p2/dit_pilot_25656645/noise_x_s197_sev1.0,dit,noise_x,197,1.0,598,0.40160642570281124,state_l2:x,0.0,16
p2/dit_pilot_25656645/noise_x_s197_sev1.0,dit,noise_x,197,1.0,598,0.40160642570281124,state_rel_l2:x,0.0,16
p2/dit_pilot_25656645/noise_x_s197_sev1.0,dit,noise_x,197,1.0,598,0.40160642570281124,state_cos:x,1.0000000149011612,16
p2/dit_pilot_25656645/noise_x_s197_sev1.0,dit,noise_x,197,1.0,598,0.40160642570281124,state_l2:pred_xstart,0.0,16
p2/dit_pilot_25656645/noise_x_s197_sev1.0,dit,noise_x,197,1.0,598,0.40160642570281124,state_rel_l2:pred_xstart,0.0,16
p2/dit_pilot_25656645/noise_x_s197_sev1.0,dit,noise_x,197,1.0,598,0.40160642570281124,state_cos:pred_xstart,0.9999999888241291,16
p2/dit_pilot_25656645/noise_x_s197_sev1.0,dit,noise_x,197,1.0,497,0.5020080321285141,state_l2:x,0.0,16
p2/dit_pilot_25656645/noise_x_s197_sev1.0,dit,noise_x,197,1.0,497,0.5020080321285141,state_rel_l2:x,0.0,16
p2/dit_pilot_25656645/noise_x_s197_sev1.0,dit,noise_x,197,1.0,497,0.5020080321285141,state_cos:x,1.0000000186264515,16
p2/dit_pilot_25656645/noise_x_s197_sev1.0,dit,noise_x,197,1.0,497,0.5020080321285141,state_l2:pred_xstart,0.0,16
p2/dit_pilot_25656645/noise_x_s197_sev1.0,dit,noise_x,197,1.0,497,0.5020080321285141,state_rel_l2:pred_xstart,0.0,16
p2/dit_pilot_25656645/noise_x_s197_sev1.0,dit,noise_x,197,1.0,497,0.5020080321285141,state_cos:pred_xstart,1.0000000409781933,16
p2/dit_pilot_25656645/noise_x_s197_sev1.0,dit,noise_x,197,1.0,397,0.6024096385542169,state_l2:x,0.0,16
p2/dit_pilot_25656645/noise_x_s197_sev1.0,dit,noise_x,197,1.0,397,0.6024096385542169,state_rel_l2:x,0.0,16
p2/dit_pilot_25656645/noise_x_s197_sev1.0,dit,noise_x,197,1.0,397,0.6024096385542169,state_cos:x,1.0000000074505806,16
p2/dit_pilot_25656645/noise_x_s197_sev1.0,dit,noise_x,197,1.0,397,0.6024096385542169,state_l2:pred_xstart,0.0,16
p2/dit_pilot_25656645/noise_x_s197_sev1.0,dit,noise_x,197,1.0,397,0.6024096385542169,state_rel_l2:pred_xstart,0.0,16
p2/dit_pilot_25656645/noise_x_s197_sev1.0,dit,noise_x,197,1.0,397,0.6024096385542169,state_cos:pred_xstart,1.0000000037252903,16
p2/dit_pilot_25656645/noise_x_s197_sev1.0,dit,noise_x,197,1.0,297,0.7028112449799196,state_l2:x,0.0,16
p2/dit_pilot_25656645/noise_x_s197_sev1.0,dit,noise_x,197,1.0,297,0.7028112449799196,state_rel_l2:x,0.0,16
p2/dit_pilot_25656645/noise_x_s197_sev1.0,dit,noise_x,197,1.0,297,0.7028112449799196,state_cos:x,1.0000000223517418,16
p2/dit_pilot_25656645/noise_x_s197_sev1.0,dit,noise_x,197,1.0,297,0.7028112449799196,state_l2:pred_xstart,0.0,16
p2/dit_pilot_25656645/noise_x_s197_sev1.0,dit,noise_x,197,1.0,297,0.7028112449799196,state_rel_l2:pred_xstart,0.0,16
p2/dit_pilot_25656645/noise_x_s197_sev1.0,dit,noise_x,197,1.0,297,0.7028112449799196,state_cos:pred_xstart,1.0000000558793545,16
p2/dit_pilot_25656645/noise_x_s197_sev1.0,dit,noise_x,197,1.0,197,0.8032128514056225,state_l2:x,59.05278158187866,16
p2/dit_pilot_25656645/noise_x_s197_sev1.0,dit,noise_x,197,1.0,197,0.8032128514056225,state_rel_l2:x,0.9988947659730911,16
p2/dit_pilot_25656645/noise_x_s197_sev1.0,dit,noise_x,197,1.0,197,0.8032128514056225,state_cos:x,0.7064757980406284,16
p2/dit_pilot_25656645/noise_x_s197_sev1.0,dit,noise_x,197,1.0,197,0.8032128514056225,state_l2:pred_xstart,0.0,16
p2/dit_pilot_25656645/noise_x_s197_sev1.0,dit,noise_x,197,1.0,197,0.8032128514056225,state_rel_l2:pred_xstart,0.0,16
p2/dit_pilot_25656645/noise_x_s197_sev1.0,dit,noise_x,197,1.0,197,0.8032128514056225,state_cos:pred_xstart,0.999999962747097,16
p2/dit_pilot_25656645/noise_x_s197_sev1.0,dit,noise_x,197,1.0,96,0.9036144578313253,state_l2:x,41.74588203430176,16
p2/dit_pilot_25656645/noise_x_s197_sev1.0,dit,noise_x,197,1.0,96,0.9036144578313253,state_rel_l2:x,0.730524081736803,16
p2/dit_pilot_25656645/noise_x_s197_sev1.0,dit,noise_x,197,1.0,96,0.9036144578313253,state_cos:x,0.7926905192434788,16
p2/dit_pilot_25656645/noise_x_s197_sev1.0,dit,noise_x,197,1.0,96,0.9036144578313253,state_l2:pred_xstart,40.83444166183472,16
p2/dit_pilot_25656645/noise_x_s197_sev1.0,dit,noise_x,197,1.0,96,0.9036144578313253,state_rel_l2:pred_xstart,0.7548512183129787,16
p2/dit_pilot_25656645/noise_x_s197_sev1.0,dit,noise_x,197,1.0,96,0.9036144578313253,state_cos:pred_xstart,0.7614190429449081,16
p2/dit_pilot_25656645/noise_x_s197_sev1.0,dit,noise_x,197,1.0,0,1.0,state_l2:x,41.71364116668701,16
p2/dit_pilot_25656645/noise_x_s197_sev1.0,dit,noise_x,197,1.0,0,1.0,state_rel_l2:x,0.7419521845877171,16
p2/dit_pilot_25656645/noise_x_s197_sev1.0,dit,noise_x,197,1.0,0,1.0,state_cos:x,0.7721414938569069,16
p2/dit_pilot_25656645/noise_x_s197_sev1.0,dit,noise_x,197,1.0,0,1.0,state_l2:pred_xstart,41.71364116668701,16
p2/dit_pilot_25656645/noise_x_s197_sev1.0,dit,noise_x,197,1.0,0,1.0,state_rel_l2:pred_xstart,0.7419521845877171,16
p2/dit_pilot_25656645/noise_x_s197_sev1.0,dit,noise_x,197,1.0,0,1.0,state_cos:pred_xstart,0.7721414938569069,16
p2/dit_pilot_25656645/noise_x_s497_sev0.25,dit,noise_x,497,0.25,999,0.0,state_l2:x,0.0,16
p2/dit_pilot_25656645/noise_x_s497_sev0.25,dit,noise_x,497,0.25,999,0.0,state_rel_l2:x,0.0,16
p2/dit_pilot_25656645/noise_x_s497_sev0.25,dit,noise_x,497,0.25,999,0.0,state_cos:x,1.0000000223517418,16
p2/dit_pilot_25656645/noise_x_s497_sev0.25,dit,noise_x,497,0.25,999,0.0,state_l2:pred_xstart,0.0,16
p2/dit_pilot_25656645/noise_x_s497_sev0.25,dit,noise_x,497,0.25,999,0.0,state_rel_l2:pred_xstart,0.0,16
p2/dit_pilot_25656645/noise_x_s497_sev0.25,dit,noise_x,497,0.25,999,0.0,state_cos:pred_xstart,1.0,16
p2/dit_pilot_25656645/noise_x_s497_sev0.25,dit,noise_x,497,0.25,899,0.10040160642570281,state_l2:x,0.0,16
p2/dit_pilot_25656645/noise_x_s497_sev0.25,dit,noise_x,497,0.25,899,0.10040160642570281,state_rel_l2:x,0.0,16
p2/dit_pilot_25656645/noise_x_s497_sev0.25,dit,noise_x,497,0.25,899,0.10040160642570281,state_cos:x,0.9999999739229679,16
p2/dit_pilot_25656645/noise_x_s497_sev0.25,dit,noise_x,497,0.25,899,0.10040160642570281,state_l2:pred_xstart,0.0,16
p2/dit_pilot_25656645/noise_x_s497_sev0.25,dit,noise_x,497,0.25,899,0.10040160642570281,state_rel_l2:pred_xstart,0.0,16
p2/dit_pilot_25656645/noise_x_s497_sev0.25,dit,noise_x,497,0.25,899,0.10040160642570281,state_cos:pred_xstart,1.0000000149011612,16
p2/dit_pilot_25656645/noise_x_s497_sev0.25,dit,noise_x,497,0.25,798,0.20080321285140562,state_l2:x,0.0,16
p2/dit_pilot_25656645/noise_x_s497_sev0.25,dit,noise_x,497,0.25,798,0.20080321285140562,state_rel_l2:x,0.0,16
p2/dit_pilot_25656645/noise_x_s497_sev0.25,dit,noise_x,497,0.25,798,0.20080321285140562,state_cos:x,0.9999999329447746,16
p2/dit_pilot_25656645/noise_x_s497_sev0.25,dit,noise_x,497,0.25,798,0.20080321285140562,state_l2:pred_xstart,0.0,16
p2/dit_pilot_25656645/noise_x_s497_sev0.25,dit,noise_x,497,0.25,798,0.20080321285140562,state_rel_l2:pred_xstart,0.0,16
p2/dit_pilot_25656645/noise_x_s497_sev0.25,dit,noise_x,497,0.25,798,0.20080321285140562,state_cos:pred_xstart,0.999999962747097,16
p2/dit_pilot_25656645/noise_x_s497_sev0.25,dit,noise_x,497,0.25,698,0.30120481927710846,state_l2:x,0.0,16
p2/dit_pilot_25656645/noise_x_s497_sev0.25,dit,noise_x,497,0.25,698,0.30120481927710846,state_rel_l2:x,0.0,16
p2/dit_pilot_25656645/noise_x_s497_sev0.25,dit,noise_x,497,0.25,698,0.30120481927710846,state_cos:x,0.9999999776482582,16
p2/dit_pilot_25656645/noise_x_s497_sev0.25,dit,noise_x,497,0.25,698,0.30120481927710846,state_l2:pred_xstart,0.0,16
p2/dit_pilot_25656645/noise_x_s497_sev0.25,dit,noise_x,497,0.25,698,0.30120481927710846,state_rel_l2:pred_xstart,0.0,16
p2/dit_pilot_25656645/noise_x_s497_sev0.25,dit,noise_x,497,0.25,698,0.30120481927710846,state_cos:pred_xstart,1.0000000186264515,16
p2/dit_pilot_25656645/noise_x_s497_sev0.25,dit,noise_x,497,0.25,598,0.40160642570281124,state_l2:x,0.0,16
p2/dit_pilot_25656645/noise_x_s497_sev0.25,dit,noise_x,497,0.25,598,0.40160642570281124,state_rel_l2:x,0.0,16
p2/dit_pilot_25656645/noise_x_s497_sev0.25,dit,noise_x,497,0.25,598,0.40160642570281124,state_cos:x,1.0000000149011612,16
p2/dit_pilot_25656645/noise_x_s497_sev0.25,dit,noise_x,497,0.25,598,0.40160642570281124,state_l2:pred_xstart,0.0,16
p2/dit_pilot_25656645/noise_x_s497_sev0.25,dit,noise_x,497,0.25,598,0.40160642570281124,state_rel_l2:pred_xstart,0.0,16
p2/dit_pilot_25656645/noise_x_s497_sev0.25,dit,noise_x,497,0.25,598,0.40160642570281124,state_cos:pred_xstart,0.9999999888241291,16
p2/dit_pilot_25656645/noise_x_s497_sev0.25,dit,noise_x,497,0.25,497,0.5020080321285141,state_l2:x,15.832884132862091,16
p2/dit_pilot_25656645/noise_x_s497_sev0.25,dit,noise_x,497,0.25,497,0.5020080321285141,state_rel_l2:x,0.24978414177894592,16
p2/dit_pilot_25656645/noise_x_s497_sev0.25,dit,noise_x,497,0.25,497,0.5020080321285141,state_cos:x,0.9702252149581909,16
p2/dit_pilot_25656645/noise_x_s497_sev0.25,dit,noise_x,497,0.25,497,0.5020080321285141,state_l2:pred_xstart,0.0,16
p2/dit_pilot_25656645/noise_x_s497_sev0.25,dit,noise_x,497,0.25,497,0.5020080321285141,state_rel_l2:pred_xstart,0.0,16
p2/dit_pilot_25656645/noise_x_s497_sev0.25,dit,noise_x,497,0.25,497,0.5020080321285141,state_cos:pred_xstart,1.0000000409781933,16
p2/dit_pilot_25656645/noise_x_s497_sev0.25,dit,noise_x,497,0.25,397,0.6024096385542169,state_l2:x,9.520579040050507,16
p2/dit_pilot_25656645/noise_x_s497_sev0.25,dit,noise_x,497,0.25,397,0.6024096385542169,state_rel_l2:x,0.15136632695794106,16
p2/dit_pilot_25656645/noise_x_s497_sev0.25,dit,noise_x,497,0.25,397,0.6024096385542169,state_cos:x,0.9887687601149082,16
p2/dit_pilot_25656645/noise_x_s497_sev0.25,dit,noise_x,497,0.25,397,0.6024096385542169,state_l2:pred_xstart,9.076435089111328,16
p2/dit_pilot_25656645/noise_x_s497_sev0.25,dit,noise_x,497,0.25,397,0.6024096385542169,state_rel_l2:pred_xstart,0.2117500607855618,16
p2/dit_pilot_25656645/noise_x_s497_sev0.25,dit,noise_x,497,0.25,397,0.6024096385542169,state_cos:pred_xstart,0.9728801622986794,16
p2/dit_pilot_25656645/noise_x_s497_sev0.25,dit,noise_x,497,0.25,297,0.7028112449799196,state_l2:x,7.483297973871231,16
p2/dit_pilot_25656645/noise_x_s497_sev0.25,dit,noise_x,497,0.25,297,0.7028112449799196,state_rel_l2:x,0.12269888445734978,16
p2/dit_pilot_25656645/noise_x_s497_sev0.25,dit,noise_x,497,0.25,297,0.7028112449799196,state_cos:x,0.9922776110470295,16
p2/dit_pilot_25656645/noise_x_s497_sev0.25,dit,noise_x,497,0.25,297,0.7028112449799196,state_l2:pred_xstart,11.821309953927994,16
p2/dit_pilot_25656645/noise_x_s497_sev0.25,dit,noise_x,497,0.25,297,0.7028112449799196,state_rel_l2:pred_xstart,0.25721829012036324,16
p2/dit_pilot_25656645/noise_x_s497_sev0.25,dit,noise_x,497,0.25,297,0.7028112449799196,state_cos:pred_xstart,0.9584756828844547,16
p2/dit_pilot_25656645/noise_x_s497_sev0.25,dit,noise_x,497,0.25,197,0.8032128514056225,state_l2:x,9.340775460004807,16
p2/dit_pilot_25656645/noise_x_s497_sev0.25,dit,noise_x,497,0.25,197,0.8032128514056225,state_rel_l2:x,0.1600565821863711,16
p2/dit_pilot_25656645/noise_x_s497_sev0.25,dit,noise_x,497,0.25,197,0.8032128514056225,state_cos:x,0.9850969612598419,16
p2/dit_pilot_25656645/noise_x_s497_sev0.25,dit,noise_x,497,0.25,197,0.8032128514056225,state_l2:pred_xstart,13.935120671987534,16
p2/dit_pilot_25656645/noise_x_s497_sev0.25,dit,noise_x,497,0.25,197,0.8032128514056225,state_rel_l2:pred_xstart,0.28037967858836055,16
p2/dit_pilot_25656645/noise_x_s497_sev0.25,dit,noise_x,497,0.25,197,0.8032128514056225,state_cos:pred_xstart,0.951157171279192,16
p2/dit_pilot_25656645/noise_x_s497_sev0.25,dit,noise_x,497,0.25,96,0.9036144578313253,state_l2:x,13.333960324525833,16
p2/dit_pilot_25656645/noise_x_s497_sev0.25,dit,noise_x,497,0.25,96,0.9036144578313253,state_rel_l2:x,0.23685335833579302,16
p2/dit_pilot_25656645/noise_x_s497_sev0.25,dit,noise_x,497,0.25,96,0.9036144578313253,state_cos:x,0.9659913256764412,16
p2/dit_pilot_25656645/noise_x_s497_sev0.25,dit,noise_x,497,0.25,96,0.9036144578313253,state_l2:pred_xstart,15.888004511594772,16
p2/dit_pilot_25656645/noise_x_s497_sev0.25,dit,noise_x,497,0.25,96,0.9036144578313253,state_rel_l2:pred_xstart,0.2983455420471728,16
p2/dit_pilot_25656645/noise_x_s497_sev0.25,dit,noise_x,497,0.25,96,0.9036144578313253,state_cos:pred_xstart,0.9460120536386967,16
p2/dit_pilot_25656645/noise_x_s497_sev0.25,dit,noise_x,497,0.25,0,1.0,state_l2:x,16.318076193332672,16
p2/dit_pilot_25656645/noise_x_s497_sev0.25,dit,noise_x,497,0.25,0,1.0,state_rel_l2:x,0.29455388337373734,16
p2/dit_pilot_25656645/noise_x_s497_sev0.25,dit,noise_x,497,0.25,0,1.0,state_cos:x,0.9477484934031963,16
p2/dit_pilot_25656645/noise_x_s497_sev0.25,dit,noise_x,497,0.25,0,1.0,state_l2:pred_xstart,16.318076193332672,16
p2/dit_pilot_25656645/noise_x_s497_sev0.25,dit,noise_x,497,0.25,0,1.0,state_rel_l2:pred_xstart,0.29455388337373734,16
p2/dit_pilot_25656645/noise_x_s497_sev0.25,dit,noise_x,497,0.25,0,1.0,state_cos:pred_xstart,0.9477484934031963,16
p2/dit_pilot_25656645/noise_x_s497_sev1.0,dit,noise_x,497,1.0,999,0.0,state_l2:x,0.0,16
p2/dit_pilot_25656645/noise_x_s497_sev1.0,dit,noise_x,497,1.0,999,0.0,state_rel_l2:x,0.0,16
p2/dit_pilot_25656645/noise_x_s497_sev1.0,dit,noise_x,497,1.0,999,0.0,state_cos:x,1.0000000223517418,16
p2/dit_pilot_25656645/noise_x_s497_sev1.0,dit,noise_x,497,1.0,999,0.0,state_l2:pred_xstart,0.0,16
p2/dit_pilot_25656645/noise_x_s497_sev1.0,dit,noise_x,497,1.0,999,0.0,state_rel_l2:pred_xstart,0.0,16
p2/dit_pilot_25656645/noise_x_s497_sev1.0,dit,noise_x,497,1.0,999,0.0,state_cos:pred_xstart,1.0,16
p2/dit_pilot_25656645/noise_x_s497_sev1.0,dit,noise_x,497,1.0,899,0.10040160642570281,state_l2:x,0.0,16
p2/dit_pilot_25656645/noise_x_s497_sev1.0,dit,noise_x,497,1.0,899,0.10040160642570281,state_rel_l2:x,0.0,16
p2/dit_pilot_25656645/noise_x_s497_sev1.0,dit,noise_x,497,1.0,899,0.10040160642570281,state_cos:x,0.9999999739229679,16
p2/dit_pilot_25656645/noise_x_s497_sev1.0,dit,noise_x,497,1.0,899,0.10040160642570281,state_l2:pred_xstart,0.0,16
p2/dit_pilot_25656645/noise_x_s497_sev1.0,dit,noise_x,497,1.0,899,0.10040160642570281,state_rel_l2:pred_xstart,0.0,16
p2/dit_pilot_25656645/noise_x_s497_sev1.0,dit,noise_x,497,1.0,899,0.10040160642570281,state_cos:pred_xstart,1.0000000149011612,16
p2/dit_pilot_25656645/noise_x_s497_sev1.0,dit,noise_x,497,1.0,798,0.20080321285140562,state_l2:x,0.0,16
p2/dit_pilot_25656645/noise_x_s497_sev1.0,dit,noise_x,497,1.0,798,0.20080321285140562,state_rel_l2:x,0.0,16
p2/dit_pilot_25656645/noise_x_s497_sev1.0,dit,noise_x,497,1.0,798,0.20080321285140562,state_cos:x,0.9999999329447746,16
p2/dit_pilot_25656645/noise_x_s497_sev1.0,dit,noise_x,497,1.0,798,0.20080321285140562,state_l2:pred_xstart,0.0,16
p2/dit_pilot_25656645/noise_x_s497_sev1.0,dit,noise_x,497,1.0,798,0.20080321285140562,state_rel_l2:pred_xstart,0.0,16
p2/dit_pilot_25656645/noise_x_s497_sev1.0,dit,noise_x,497,1.0,798,0.20080321285140562,state_cos:pred_xstart,0.999999962747097,16
p2/dit_pilot_25656645/noise_x_s497_sev1.0,dit,noise_x,497,1.0,698,0.30120481927710846,state_l2:x,0.0,16
p2/dit_pilot_25656645/noise_x_s497_sev1.0,dit,noise_x,497,1.0,698,0.30120481927710846,state_rel_l2:x,0.0,16
p2/dit_pilot_25656645/noise_x_s497_sev1.0,dit,noise_x,497,1.0,698,0.30120481927710846,state_cos:x,0.9999999776482582,16
p2/dit_pilot_25656645/noise_x_s497_sev1.0,dit,noise_x,497,1.0,698,0.30120481927710846,state_l2:pred_xstart,0.0,16
p2/dit_pilot_25656645/noise_x_s497_sev1.0,dit,noise_x,497,1.0,698,0.30120481927710846,state_rel_l2:pred_xstart,0.0,16
p2/dit_pilot_25656645/noise_x_s497_sev1.0,dit,noise_x,497,1.0,698,0.30120481927710846,state_cos:pred_xstart,1.0000000186264515,16
p2/dit_pilot_25656645/noise_x_s497_sev1.0,dit,noise_x,497,1.0,598,0.40160642570281124,state_l2:x,0.0,16
p2/dit_pilot_25656645/noise_x_s497_sev1.0,dit,noise_x,497,1.0,598,0.40160642570281124,state_rel_l2:x,0.0,16
p2/dit_pilot_25656645/noise_x_s497_sev1.0,dit,noise_x,497,1.0,598,0.40160642570281124,state_cos:x,1.0000000149011612,16
p2/dit_pilot_25656645/noise_x_s497_sev1.0,dit,noise_x,497,1.0,598,0.40160642570281124,state_l2:pred_xstart,0.0,16
p2/dit_pilot_25656645/noise_x_s497_sev1.0,dit,noise_x,497,1.0,598,0.40160642570281124,state_rel_l2:pred_xstart,0.0,16
p2/dit_pilot_25656645/noise_x_s497_sev1.0,dit,noise_x,497,1.0,598,0.40160642570281124,state_cos:pred_xstart,0.9999999888241291,16
p2/dit_pilot_25656645/noise_x_s497_sev1.0,dit,noise_x,497,1.0,497,0.5020080321285141,state_l2:x,63.33153700828552,16
p2/dit_pilot_25656645/noise_x_s497_sev1.0,dit,noise_x,497,1.0,497,0.5020080321285141,state_rel_l2:x,0.9991365745663643,16
p2/dit_pilot_25656645/noise_x_s497_sev1.0,dit,noise_x,497,1.0,497,0.5020080321285141,state_cos:x,0.7081820368766785,16
p2/dit_pilot_25656645/noise_x_s497_sev1.0,dit,noise_x,497,1.0,497,0.5020080321285141,state_l2:pred_xstart,0.0,16
p2/dit_pilot_25656645/noise_x_s497_sev1.0,dit,noise_x,497,1.0,497,0.5020080321285141,state_rel_l2:pred_xstart,0.0,16
p2/dit_pilot_25656645/noise_x_s497_sev1.0,dit,noise_x,497,1.0,497,0.5020080321285141,state_cos:pred_xstart,1.0000000409781933,16
p2/dit_pilot_25656645/noise_x_s497_sev1.0,dit,noise_x,497,1.0,397,0.6024096385542169,state_l2:x,39.42888355255127,16
p2/dit_pilot_25656645/noise_x_s497_sev1.0,dit,noise_x,497,1.0,397,0.6024096385542169,state_rel_l2:x,0.6269008852541447,16
p2/dit_pilot_25656645/noise_x_s497_sev1.0,dit,noise_x,497,1.0,397,0.6024096385542169,state_cos:x,0.8505399413406849,16
p2/dit_pilot_25656645/noise_x_s497_sev1.0,dit,noise_x,497,1.0,397,0.6024096385542169,state_l2:pred_xstart,33.13432729244232,16
p2/dit_pilot_25656645/noise_x_s497_sev1.0,dit,noise_x,497,1.0,397,0.6024096385542169,state_rel_l2:pred_xstart,0.7555215805768967,16
p2/dit_pilot_25656645/noise_x_s497_sev1.0,dit,noise_x,497,1.0,397,0.6024096385542169,state_cos:pred_xstart,0.750981267541647,16
p2/dit_pilot_25656645/noise_x_s497_sev1.0,dit,noise_x,497,1.0,297,0.7028112449799196,state_l2:x,30.269055247306824,16
p2/dit_pilot_25656645/noise_x_s497_sev1.0,dit,noise_x,497,1.0,297,0.7028112449799196,state_rel_l2:x,0.4952729642391205,16
p2/dit_pilot_25656645/noise_x_s497_sev1.0,dit,noise_x,497,1.0,297,0.7028112449799196,state_cos:x,0.897997472435236,16
p2/dit_pilot_25656645/noise_x_s497_sev1.0,dit,noise_x,497,1.0,297,0.7028112449799196,state_l2:pred_xstart,37.50770616531372,16
p2/dit_pilot_25656645/noise_x_s497_sev1.0,dit,noise_x,497,1.0,297,0.7028112449799196,state_rel_l2:pred_xstart,0.7924375869333744,16
p2/dit_pilot_25656645/noise_x_s497_sev1.0,dit,noise_x,497,1.0,297,0.7028112449799196,state_cos:pred_xstart,0.7345791086554527,16
p2/dit_pilot_25656645/noise_x_s497_sev1.0,dit,noise_x,497,1.0,197,0.8032128514056225,state_l2:x,31.983827233314514,16
p2/dit_pilot_25656645/noise_x_s497_sev1.0,dit,noise_x,497,1.0,197,0.8032128514056225,state_rel_l2:x,0.542819881811738,16
p2/dit_pilot_25656645/noise_x_s497_sev1.0,dit,noise_x,497,1.0,197,0.8032128514056225,state_cos:x,0.8751315176486969,16
p2/dit_pilot_25656645/noise_x_s497_sev1.0,dit,noise_x,497,1.0,197,0.8032128514056225,state_l2:pred_xstart,40.72605562210083,16
p2/dit_pilot_25656645/noise_x_s497_sev1.0,dit,noise_x,497,1.0,197,0.8032128514056225,state_rel_l2:pred_xstart,0.8020833767950535,16
p2/dit_pilot_25656645/noise_x_s497_sev1.0,dit,noise_x,497,1.0,197,0.8032128514056225,state_cos:pred_xstart,0.732439436018467,16
p2/dit_pilot_25656645/noise_x_s497_sev1.0,dit,noise_x,497,1.0,96,0.9036144578313253,state_l2:x,38.90664196014404,16
p2/dit_pilot_25656645/noise_x_s497_sev1.0,dit,noise_x,497,1.0,96,0.9036144578313253,state_rel_l2:x,0.6810431107878685,16
p2/dit_pilot_25656645/noise_x_s497_sev1.0,dit,noise_x,497,1.0,96,0.9036144578313253,state_cos:x,0.8064951337873936,16
p2/dit_pilot_25656645/noise_x_s497_sev1.0,dit,noise_x,497,1.0,96,0.9036144578313253,state_l2:pred_xstart,43.0683114528656,16
p2/dit_pilot_25656645/noise_x_s497_sev1.0,dit,noise_x,497,1.0,96,0.9036144578313253,state_rel_l2:pred_xstart,0.7950913086533546,16
p2/dit_pilot_25656645/noise_x_s497_sev1.0,dit,noise_x,497,1.0,96,0.9036144578313253,state_cos:pred_xstart,0.7392670139670372,16
p2/dit_pilot_25656645/noise_x_s497_sev1.0,dit,noise_x,497,1.0,0,1.0,state_l2:x,43.566699504852295,16
p2/dit_pilot_25656645/noise_x_s497_sev1.0,dit,noise_x,497,1.0,0,1.0,state_rel_l2:x,0.7741394862532616,16
p2/dit_pilot_25656645/noise_x_s497_sev1.0,dit,noise_x,497,1.0,0,1.0,state_cos:x,0.7512629143893719,16
p2/dit_pilot_25656645/noise_x_s497_sev1.0,dit,noise_x,497,1.0,0,1.0,state_l2:pred_xstart,43.566699504852295,16
p2/dit_pilot_25656645/noise_x_s497_sev1.0,dit,noise_x,497,1.0,0,1.0,state_rel_l2:pred_xstart,0.7741394862532616,16
p2/dit_pilot_25656645/noise_x_s497_sev1.0,dit,noise_x,497,1.0,0,1.0,state_cos:pred_xstart,0.7512629143893719,16
p2/dit_pilot_25656645/noise_x_s798_sev0.25,dit,noise_x,798,0.25,999,0.0,state_l2:x,0.0,16
p2/dit_pilot_25656645/noise_x_s798_sev0.25,dit,noise_x,798,0.25,999,0.0,state_rel_l2:x,0.0,16
p2/dit_pilot_25656645/noise_x_s798_sev0.25,dit,noise_x,798,0.25,999,0.0,state_cos:x,1.0000000223517418,16
p2/dit_pilot_25656645/noise_x_s798_sev0.25,dit,noise_x,798,0.25,999,0.0,state_l2:pred_xstart,0.0,16
p2/dit_pilot_25656645/noise_x_s798_sev0.25,dit,noise_x,798,0.25,999,0.0,state_rel_l2:pred_xstart,0.0,16
p2/dit_pilot_25656645/noise_x_s798_sev0.25,dit,noise_x,798,0.25,999,0.0,state_cos:pred_xstart,1.0,16
p2/dit_pilot_25656645/noise_x_s798_sev0.25,dit,noise_x,798,0.25,899,0.10040160642570281,state_l2:x,0.0,16
p2/dit_pilot_25656645/noise_x_s798_sev0.25,dit,noise_x,798,0.25,899,0.10040160642570281,state_rel_l2:x,0.0,16
p2/dit_pilot_25656645/noise_x_s798_sev0.25,dit,noise_x,798,0.25,899,0.10040160642570281,state_cos:x,0.9999999739229679,16
p2/dit_pilot_25656645/noise_x_s798_sev0.25,dit,noise_x,798,0.25,899,0.10040160642570281,state_l2:pred_xstart,0.0,16
p2/dit_pilot_25656645/noise_x_s798_sev0.25,dit,noise_x,798,0.25,899,0.10040160642570281,state_rel_l2:pred_xstart,0.0,16
p2/dit_pilot_25656645/noise_x_s798_sev0.25,dit,noise_x,798,0.25,899,0.10040160642570281,state_cos:pred_xstart,1.0000000149011612,16
p2/dit_pilot_25656645/noise_x_s798_sev0.25,dit,noise_x,798,0.25,798,0.20080321285140562,state_l2:x,15.920033156871796,16
p2/dit_pilot_25656645/noise_x_s798_sev0.25,dit,noise_x,798,0.25,798,0.20080321285140562,state_rel_l2:x,0.2507863584905863,16
p2/dit_pilot_25656645/noise_x_s798_sev0.25,dit,noise_x,798,0.25,798,0.20080321285140562,state_cos:x,0.9699361026287079,16
p2/dit_pilot_25656645/noise_x_s798_sev0.25,dit,noise_x,798,0.25,798,0.20080321285140562,state_l2:pred_xstart,0.0,16
p2/dit_pilot_25656645/noise_x_s798_sev0.25,dit,noise_x,798,0.25,798,0.20080321285140562,state_rel_l2:pred_xstart,0.0,16
p2/dit_pilot_25656645/noise_x_s798_sev0.25,dit,noise_x,798,0.25,798,0.20080321285140562,state_cos:pred_xstart,0.999999962747097,16
p2/dit_pilot_25656645/noise_x_s798_sev0.25,dit,noise_x,798,0.25,698,0.30120481927710846,state_l2:x,7.497636258602142,16
p2/dit_pilot_25656645/noise_x_s798_sev0.25,dit,noise_x,798,0.25,698,0.30120481927710846,state_rel_l2:x,0.11826207023113966,16
p2/dit_pilot_25656645/noise_x_s798_sev0.25,dit,noise_x,798,0.25,698,0.30120481927710846,state_cos:x,0.9930759370326996,16
p2/dit_pilot_25656645/noise_x_s798_sev0.25,dit,noise_x,798,0.25,698,0.30120481927710846,state_l2:pred_xstart,2.42562223225832,16
p2/dit_pilot_25656645/noise_x_s798_sev0.25,dit,noise_x,798,0.25,698,0.30120481927710846,state_rel_l2:pred_xstart,0.09436556114815176,16
p2/dit_pilot_25656645/noise_x_s798_sev0.25,dit,noise_x,798,0.25,698,0.30120481927710846,state_cos:pred_xstart,0.996092177927494,16
p2/dit_pilot_25656645/noise_x_s798_sev0.25,dit,noise_x,798,0.25,598,0.40160642570281124,state_l2:x,3.902628317475319,16
p2/dit_pilot_25656645/noise_x_s798_sev0.25,dit,noise_x,798,0.25,598,0.40160642570281124,state_rel_l2:x,0.06115619605407119,16
p2/dit_pilot_25656645/noise_x_s798_sev0.25,dit,noise_x,798,0.25,598,0.40160642570281124,state_cos:x,0.9981340914964676,16
p2/dit_pilot_25656645/noise_x_s798_sev0.25,dit,noise_x,798,0.25,598,0.40160642570281124,state_l2:pred_xstart,3.0159553065896034,16
p2/dit_pilot_25656645/noise_x_s798_sev0.25,dit,noise_x,798,0.25,598,0.40160642570281124,state_rel_l2:pred_xstart,0.09225668758153915,16
p2/dit_pilot_25656645/noise_x_s798_sev0.25,dit,noise_x,798,0.25,598,0.40160642570281124,state_cos:pred_xstart,0.9957742393016815,16
p2/dit_pilot_25656645/noise_x_s798_sev0.25,dit,noise_x,798,0.25,497,0.5020080321285141,state_l2:x,2.3805327713489532,16
p2/dit_pilot_25656645/noise_x_s798_sev0.25,dit,noise_x,798,0.25,497,0.5020080321285141,state_rel_l2:x,0.03755140886642039,16
p2/dit_pilot_25656645/noise_x_s798_sev0.25,dit,noise_x,798,0.25,497,0.5020080321285141,state_cos:x,0.9992903880774975,16
p2/dit_pilot_25656645/noise_x_s798_sev0.25,dit,noise_x,798,0.25,497,0.5020080321285141,state_l2:pred_xstart,4.603331431746483,16
p2/dit_pilot_25656645/noise_x_s798_sev0.25,dit,noise_x,798,0.25,497,0.5020080321285141,state_rel_l2:pred_xstart,0.11701564630493522,16
p2/dit_pilot_25656645/noise_x_s798_sev0.25,dit,noise_x,798,0.25,497,0.5020080321285141,state_cos:pred_xstart,0.9915454797446728,16
p2/dit_pilot_25656645/noise_x_s798_sev0.25,dit,noise_x,798,0.25,397,0.6024096385542169,state_l2:x,2.4219832122325897,16
p2/dit_pilot_25656645/noise_x_s798_sev0.25,dit,noise_x,798,0.25,397,0.6024096385542169,state_rel_l2:x,0.0385160269215703,16
p2/dit_pilot_25656645/noise_x_s798_sev0.25,dit,noise_x,798,0.25,397,0.6024096385542169,state_cos:x,0.999167799949646,16
p2/dit_pilot_25656645/noise_x_s798_sev0.25,dit,noise_x,798,0.25,397,0.6024096385542169,state_l2:pred_xstart,6.5393360927701,16
p2/dit_pilot_25656645/noise_x_s798_sev0.25,dit,noise_x,798,0.25,397,0.6024096385542169,state_rel_l2:pred_xstart,0.15369813540019095,16
p2/dit_pilot_25656645/noise_x_s798_sev0.25,dit,noise_x,798,0.25,397,0.6024096385542169,state_cos:pred_xstart,0.984270703047514,16
p2/dit_pilot_25656645/noise_x_s798_sev0.25,dit,noise_x,798,0.25,297,0.7028112449799196,state_l2:x,3.8918672874569893,16
p2/dit_pilot_25656645/noise_x_s798_sev0.25,dit,noise_x,798,0.25,297,0.7028112449799196,state_rel_l2:x,0.06407489941921085,16
p2/dit_pilot_25656645/noise_x_s798_sev0.25,dit,noise_x,798,0.25,297,0.7028112449799196,state_cos:x,0.9974342212080956,16
p2/dit_pilot_25656645/noise_x_s798_sev0.25,dit,noise_x,798,0.25,297,0.7028112449799196,state_l2:pred_xstart,9.000770039856434,16
p2/dit_pilot_25656645/noise_x_s798_sev0.25,dit,noise_x,798,0.25,297,0.7028112449799196,state_rel_l2:pred_xstart,0.19686172576621175,16
p2/dit_pilot_25656645/noise_x_s798_sev0.25,dit,noise_x,798,0.25,297,0.7028112449799196,state_cos:pred_xstart,0.971966739743948,16
p2/dit_pilot_25656645/noise_x_s798_sev0.25,dit,noise_x,798,0.25,197,0.8032128514056225,state_l2:x,6.642514377832413,16
p2/dit_pilot_25656645/noise_x_s798_sev0.25,dit,noise_x,798,0.25,197,0.8032128514056225,state_rel_l2:x,0.11483222234528512,16
p2/dit_pilot_25656645/noise_x_s798_sev0.25,dit,noise_x,798,0.25,197,0.8032128514056225,state_cos:x,0.991071917116642,16
p2/dit_pilot_25656645/noise_x_s798_sev0.25,dit,noise_x,798,0.25,197,0.8032128514056225,state_l2:pred_xstart,10.722951412200928,16
p2/dit_pilot_25656645/noise_x_s798_sev0.25,dit,noise_x,798,0.25,197,0.8032128514056225,state_rel_l2:pred_xstart,0.21930895186960697,16
p2/dit_pilot_25656645/noise_x_s798_sev0.25,dit,noise_x,798,0.25,197,0.8032128514056225,state_cos:pred_xstart,0.9659721367061138,16
p2/dit_pilot_25656645/noise_x_s798_sev0.25,dit,noise_x,798,0.25,96,0.9036144578313253,state_l2:x,10.065846741199493,16
p2/dit_pilot_25656645/noise_x_s798_sev0.25,dit,noise_x,798,0.25,96,0.9036144578313253,state_rel_l2:x,0.1807456228416413,16
p2/dit_pilot_25656645/noise_x_s798_sev0.25,dit,noise_x,798,0.25,96,0.9036144578313253,state_cos:x,0.9772436544299126,16
p2/dit_pilot_25656645/noise_x_s798_sev0.25,dit,noise_x,798,0.25,96,0.9036144578313253,state_l2:pred_xstart,12.070227682590485,16
p2/dit_pilot_25656645/noise_x_s798_sev0.25,dit,noise_x,798,0.25,96,0.9036144578313253,state_rel_l2:pred_xstart,0.22948774555698037,16
p2/dit_pilot_25656645/noise_x_s798_sev0.25,dit,noise_x,798,0.25,96,0.9036144578313253,state_cos:pred_xstart,0.9629102796316147,16
p2/dit_pilot_25656645/noise_x_s798_sev0.25,dit,noise_x,798,0.25,0,1.0,state_l2:x,12.40791741013527,16
p2/dit_pilot_25656645/noise_x_s798_sev0.25,dit,noise_x,798,0.25,0,1.0,state_rel_l2:x,0.22645814577117562,16
p2/dit_pilot_25656645/noise_x_s798_sev0.25,dit,noise_x,798,0.25,0,1.0,state_cos:x,0.9641190767288208,16
p2/dit_pilot_25656645/noise_x_s798_sev0.25,dit,noise_x,798,0.25,0,1.0,state_l2:pred_xstart,12.40791741013527,16
p2/dit_pilot_25656645/noise_x_s798_sev0.25,dit,noise_x,798,0.25,0,1.0,state_rel_l2:pred_xstart,0.22645814577117562,16
p2/dit_pilot_25656645/noise_x_s798_sev0.25,dit,noise_x,798,0.25,0,1.0,state_cos:pred_xstart,0.9641190767288208,16
p2/dit_pilot_25656645/noise_x_s798_sev1.0,dit,noise_x,798,1.0,999,0.0,state_l2:x,0.0,16
p2/dit_pilot_25656645/noise_x_s798_sev1.0,dit,noise_x,798,1.0,999,0.0,state_rel_l2:x,0.0,16
p2/dit_pilot_25656645/noise_x_s798_sev1.0,dit,noise_x,798,1.0,999,0.0,state_cos:x,1.0000000223517418,16
p2/dit_pilot_25656645/noise_x_s798_sev1.0,dit,noise_x,798,1.0,999,0.0,state_l2:pred_xstart,0.0,16
p2/dit_pilot_25656645/noise_x_s798_sev1.0,dit,noise_x,798,1.0,999,0.0,state_rel_l2:pred_xstart,0.0,16
p2/dit_pilot_25656645/noise_x_s798_sev1.0,dit,noise_x,798,1.0,999,0.0,state_cos:pred_xstart,1.0,16
p2/dit_pilot_25656645/noise_x_s798_sev1.0,dit,noise_x,798,1.0,899,0.10040160642570281,state_l2:x,0.0,16
p2/dit_pilot_25656645/noise_x_s798_sev1.0,dit,noise_x,798,1.0,899,0.10040160642570281,state_rel_l2:x,0.0,16
p2/dit_pilot_25656645/noise_x_s798_sev1.0,dit,noise_x,798,1.0,899,0.10040160642570281,state_cos:x,0.9999999739229679,16
p2/dit_pilot_25656645/noise_x_s798_sev1.0,dit,noise_x,798,1.0,899,0.10040160642570281,state_l2:pred_xstart,0.0,16
p2/dit_pilot_25656645/noise_x_s798_sev1.0,dit,noise_x,798,1.0,899,0.10040160642570281,state_rel_l2:pred_xstart,0.0,16
p2/dit_pilot_25656645/noise_x_s798_sev1.0,dit,noise_x,798,1.0,899,0.10040160642570281,state_cos:pred_xstart,1.0000000149011612,16
p2/dit_pilot_25656645/noise_x_s798_sev1.0,dit,noise_x,798,1.0,798,0.20080321285140562,state_l2:x,63.68013262748718,16
p2/dit_pilot_25656645/noise_x_s798_sev1.0,dit,noise_x,798,1.0,798,0.20080321285140562,state_rel_l2:x,1.0031454376876354,16
p2/dit_pilot_25656645/noise_x_s798_sev1.0,dit,noise_x,798,1.0,798,0.20080321285140562,state_cos:x,0.7052811719477177,16
p2/dit_pilot_25656645/noise_x_s798_sev1.0,dit,noise_x,798,1.0,798,0.20080321285140562,state_l2:pred_xstart,0.0,16
p2/dit_pilot_25656645/noise_x_s798_sev1.0,dit,noise_x,798,1.0,798,0.20080321285140562,state_rel_l2:pred_xstart,0.0,16
p2/dit_pilot_25656645/noise_x_s798_sev1.0,dit,noise_x,798,1.0,798,0.20080321285140562,state_cos:pred_xstart,0.999999962747097,16
p2/dit_pilot_25656645/noise_x_s798_sev1.0,dit,noise_x,798,1.0,698,0.30120481927710846,state_l2:x,30.033833026885986,16
p2/dit_pilot_25656645/noise_x_s798_sev1.0,dit,noise_x,798,1.0,698,0.30120481927710846,state_rel_l2:x,0.4737319741398096,16
p2/dit_pilot_25656645/noise_x_s798_sev1.0,dit,noise_x,798,1.0,698,0.30120481927710846,state_cos:x,0.9035693481564522,16
p2/dit_pilot_25656645/noise_x_s798_sev1.0,dit,noise_x,798,1.0,698,0.30120481927710846,state_l2:pred_xstart,9.591967046260834,16
p2/dit_pilot_25656645/noise_x_s798_sev1.0,dit,noise_x,798,1.0,698,0.30120481927710846,state_rel_l2:pred_xstart,0.3779932474717498,16
p2/dit_pilot_25656645/noise_x_s798_sev1.0,dit,noise_x,798,1.0,698,0.30120481927710846,state_cos:pred_xstart,0.9362521842122078,16
p2/dit_pilot_25656645/noise_x_s798_sev1.0,dit,noise_x,798,1.0,598,0.40160642570281124,state_l2:x,15.629063606262207,16
p2/dit_pilot_25656645/noise_x_s798_sev1.0,dit,noise_x,798,1.0,598,0.40160642570281124,state_rel_l2:x,0.24491655454039574,16
p2/dit_pilot_25656645/noise_x_s798_sev1.0,dit,noise_x,798,1.0,598,0.40160642570281124,state_cos:x,0.9712502472102642,16
p2/dit_pilot_25656645/noise_x_s798_sev1.0,dit,noise_x,798,1.0,598,0.40160642570281124,state_l2:pred_xstart,11.740040123462677,16
p2/dit_pilot_25656645/noise_x_s798_sev1.0,dit,noise_x,798,1.0,598,0.40160642570281124,state_rel_l2:pred_xstart,0.35082604829221964,16
p2/dit_pilot_25656645/noise_x_s798_sev1.0,dit,noise_x,798,1.0,598,0.40160642570281124,state_cos:pred_xstart,0.9416060373187065,16
p2/dit_pilot_25656645/noise_x_s798_sev1.0,dit,noise_x,798,1.0,497,0.5020080321285141,state_l2:x,9.334001421928406,16
p2/dit_pilot_25656645/noise_x_s798_sev1.0,dit,noise_x,798,1.0,497,0.5020080321285141,state_rel_l2:x,0.1472464483231306,16
p2/dit_pilot_25656645/noise_x_s798_sev1.0,dit,noise_x,798,1.0,497,0.5020080321285141,state_cos:x,0.9892926514148712,16
p2/dit_pilot_25656645/noise_x_s798_sev1.0,dit,noise_x,798,1.0,497,0.5020080321285141,state_l2:pred_xstart,14.770133137702942,16
p2/dit_pilot_25656645/noise_x_s798_sev1.0,dit,noise_x,798,1.0,497,0.5020080321285141,state_rel_l2:pred_xstart,0.37773560639470816,16
p2/dit_pilot_25656645/noise_x_s798_sev1.0,dit,noise_x,798,1.0,497,0.5020080321285141,state_cos:pred_xstart,0.9276312626898289,16
p2/dit_pilot_25656645/noise_x_s798_sev1.0,dit,noise_x,798,1.0,397,0.6024096385542169,state_l2:x,8.03369489312172,16
p2/dit_pilot_25656645/noise_x_s798_sev1.0,dit,noise_x,798,1.0,397,0.6024096385542169,state_rel_l2:x,0.12762751523405313,16
p2/dit_pilot_25656645/noise_x_s798_sev1.0,dit,noise_x,798,1.0,397,0.6024096385542169,state_cos:x,0.991672869771719,16
p2/dit_pilot_25656645/noise_x_s798_sev1.0,dit,noise_x,798,1.0,397,0.6024096385542169,state_l2:pred_xstart,17.09161874651909,16
p2/dit_pilot_25656645/noise_x_s798_sev1.0,dit,noise_x,798,1.0,397,0.6024096385542169,state_rel_l2:pred_xstart,0.39352608006447554,16
p2/dit_pilot_25656645/noise_x_s798_sev1.0,dit,noise_x,798,1.0,397,0.6024096385542169,state_cos:pred_xstart,0.9143318496644497,16
p2/dit_pilot_25656645/noise_x_s798_sev1.0,dit,noise_x,798,1.0,297,0.7028112449799196,state_l2:x,10.546260803937912,16
p2/dit_pilot_25656645/noise_x_s798_sev1.0,dit,noise_x,798,1.0,297,0.7028112449799196,state_rel_l2:x,0.17247971054166555,16
p2/dit_pilot_25656645/noise_x_s798_sev1.0,dit,noise_x,798,1.0,297,0.7028112449799196,state_cos:x,0.9839195720851421,16
p2/dit_pilot_25656645/noise_x_s798_sev1.0,dit,noise_x,798,1.0,297,0.7028112449799196,state_l2:pred_xstart,19.611946254968643,16
p2/dit_pilot_25656645/noise_x_s798_sev1.0,dit,noise_x,798,1.0,297,0.7028112449799196,state_rel_l2:pred_xstart,0.4183820290490985,16
p2/dit_pilot_25656645/noise_x_s798_sev1.0,dit,noise_x,798,1.0,297,0.7028112449799196,state_cos:pred_xstart,0.9002456292510033,16
p2/dit_pilot_25656645/noise_x_s798_sev1.0,dit,noise_x,798,1.0,197,0.8032128514056225,state_l2:x,15.237306326627731,16
p2/dit_pilot_25656645/noise_x_s798_sev1.0,dit,noise_x,798,1.0,197,0.8032128514056225,state_rel_l2:x,0.25937567045912147,16
p2/dit_pilot_25656645/noise_x_s798_sev1.0,dit,noise_x,798,1.0,197,0.8032128514056225,state_cos:x,0.962531078606844,16
p2/dit_pilot_25656645/noise_x_s798_sev1.0,dit,noise_x,798,1.0,197,0.8032128514056225,state_l2:pred_xstart,21.67751944065094,16
p2/dit_pilot_25656645/noise_x_s798_sev1.0,dit,noise_x,798,1.0,197,0.8032128514056225,state_rel_l2:pred_xstart,0.43043298553675413,16
p2/dit_pilot_25656645/noise_x_s798_sev1.0,dit,noise_x,798,1.0,197,0.8032128514056225,state_cos:pred_xstart,0.8946430012583733,16
p2/dit_pilot_25656645/noise_x_s798_sev1.0,dit,noise_x,798,1.0,96,0.9036144578313253,state_l2:x,20.486667305231094,16
p2/dit_pilot_25656645/noise_x_s798_sev1.0,dit,noise_x,798,1.0,96,0.9036144578313253,state_rel_l2:x,0.360552036203444,16
p2/dit_pilot_25656645/noise_x_s798_sev1.0,dit,noise_x,798,1.0,96,0.9036144578313253,state_cos:x,0.9265724830329418,16
p2/dit_pilot_25656645/noise_x_s798_sev1.0,dit,noise_x,798,1.0,96,0.9036144578313253,state_l2:pred_xstart,23.327433705329895,16
p2/dit_pilot_25656645/noise_x_s798_sev1.0,dit,noise_x,798,1.0,96,0.9036144578313253,state_rel_l2:pred_xstart,0.4336083037778735,16
p2/dit_pilot_25656645/noise_x_s798_sev1.0,dit,noise_x,798,1.0,96,0.9036144578313253,state_cos:pred_xstart,0.8930709511041641,16
p2/dit_pilot_25656645/noise_x_s798_sev1.0,dit,noise_x,798,1.0,0,1.0,state_l2:x,23.698864221572876,16
p2/dit_pilot_25656645/noise_x_s798_sev1.0,dit,noise_x,798,1.0,0,1.0,state_rel_l2:x,0.42366188392043114,16
p2/dit_pilot_25656645/noise_x_s798_sev1.0,dit,noise_x,798,1.0,0,1.0,state_cos:x,0.8980228826403618,16
p2/dit_pilot_25656645/noise_x_s798_sev1.0,dit,noise_x,798,1.0,0,1.0,state_l2:pred_xstart,23.698864221572876,16
p2/dit_pilot_25656645/noise_x_s798_sev1.0,dit,noise_x,798,1.0,0,1.0,state_rel_l2:pred_xstart,0.42366188392043114,16
p2/dit_pilot_25656645/noise_x_s798_sev1.0,dit,noise_x,798,1.0,0,1.0,state_cos:pred_xstart,0.8980228826403618,16
p2/var_pilot_25656645/noise_h_s0_sev0.25,var,noise_h,0,0.25,0,0.0,state_l2:f_hat,2.196757920086384,16
p2/var_pilot_25656645/noise_h_s0_sev0.25,var,noise_h,0,0.25,0,0.0,state_rel_l2:f_hat,0.17409347323700786,16
p2/var_pilot_25656645/noise_h_s0_sev0.25,var,noise_h,0,0.25,0,0.0,state_cos:f_hat,0.9852005764842033,16
p2/var_pilot_25656645/noise_h_s0_sev0.25,var,noise_h,0,0.25,1,0.1111111111111111,state_l2:f_hat,4.882245652377605,16
p2/var_pilot_25656645/noise_h_s0_sev0.25,var,noise_h,0,0.25,1,0.1111111111111111,state_rel_l2:f_hat,0.2546157347969711,16
p2/var_pilot_25656645/noise_h_s0_sev0.25,var,noise_h,0,0.25,1,0.1111111111111111,state_cos:f_hat,0.951963510364294,16
p2/var_pilot_25656645/noise_h_s0_sev0.25,var,noise_h,0,0.25,2,0.2222222222222222,state_l2:f_hat,8.762732662260532,16
p2/var_pilot_25656645/noise_h_s0_sev0.25,var,noise_h,0,0.25,2,0.2222222222222222,state_rel_l2:f_hat,0.38671709317713976,16
p2/var_pilot_25656645/noise_h_s0_sev0.25,var,noise_h,0,0.25,2,0.2222222222222222,state_cos:f_hat,0.904488917440176,16
p2/var_pilot_25656645/noise_h_s0_sev0.25,var,noise_h,0,0.25,3,0.3333333333333333,state_l2:f_hat,14.030039578676224,16
p2/var_pilot_25656645/noise_h_s0_sev0.25,var,noise_h,0,0.25,3,0.3333333333333333,state_rel_l2:f_hat,0.5627274960279465,16
p2/var_pilot_25656645/noise_h_s0_sev0.25,var,noise_h,0,0.25,3,0.3333333333333333,state_cos:f_hat,0.8153005260974169,16
p2/var_pilot_25656645/noise_h_s0_sev0.25,var,noise_h,0,0.25,4,0.4444444444444444,state_l2:f_hat,18.17663797736168,16
p2/var_pilot_25656645/noise_h_s0_sev0.25,var,noise_h,0,0.25,4,0.4444444444444444,state_rel_l2:f_hat,0.6686863414943218,16
p2/var_pilot_25656645/noise_h_s0_sev0.25,var,noise_h,0,0.25,4,0.4444444444444444,state_cos:f_hat,0.7525797337293625,16
p2/var_pilot_25656645/noise_h_s0_sev0.25,var,noise_h,0,0.25,5,0.5555555555555556,state_l2:f_hat,23.492829203605652,16
p2/var_pilot_25656645/noise_h_s0_sev0.25,var,noise_h,0,0.25,5,0.5555555555555556,state_rel_l2:f_hat,0.780510226264596,16
p2/var_pilot_25656645/noise_h_s0_sev0.25,var,noise_h,0,0.25,5,0.5555555555555556,state_cos:f_hat,0.6745487116277218,16
p2/var_pilot_25656645/noise_h_s0_sev0.25,var,noise_h,0,0.25,6,0.6666666666666666,state_l2:f_hat,30.822959303855896,16
p2/var_pilot_25656645/noise_h_s0_sev0.25,var,noise_h,0,0.25,6,0.6666666666666666,state_rel_l2:f_hat,0.904525350779295,16
p2/var_pilot_25656645/noise_h_s0_sev0.25,var,noise_h,0,0.25,6,0.6666666666666666,state_cos:f_hat,0.5754892155528069,16
p2/var_pilot_25656645/noise_h_s0_sev0.25,var,noise_h,0,0.25,7,0.7777777777777778,state_l2:f_hat,37.576242089271545,16
p2/var_pilot_25656645/noise_h_s0_sev0.25,var,noise_h,0,0.25,7,0.7777777777777778,state_rel_l2:f_hat,0.9898950383067131,16
p2/var_pilot_25656645/noise_h_s0_sev0.25,var,noise_h,0,0.25,7,0.7777777777777778,state_cos:f_hat,0.49745824839919806,16
p2/var_pilot_25656645/noise_h_s0_sev0.25,var,noise_h,0,0.25,8,0.8888888888888888,state_l2:f_hat,45.69681668281555,16
p2/var_pilot_25656645/noise_h_s0_sev0.25,var,noise_h,0,0.25,8,0.8888888888888888,state_rel_l2:f_hat,1.0703277923166752,16
p2/var_pilot_25656645/noise_h_s0_sev0.25,var,noise_h,0,0.25,8,0.8888888888888888,state_cos:f_hat,0.4192597782239318,16
p2/var_pilot_25656645/noise_h_s0_sev0.25,var,noise_h,0,0.25,9,1.0,state_l2:f_hat,61.80236625671387,16
p2/var_pilot_25656645/noise_h_s0_sev0.25,var,noise_h,0,0.25,9,1.0,state_rel_l2:f_hat,1.1779066920280457,16
p2/var_pilot_25656645/noise_h_s0_sev0.25,var,noise_h,0,0.25,9,1.0,state_cos:f_hat,0.3024018257856369,16
p2/var_pilot_25656645/noise_h_s0_sev1.0,var,noise_h,0,1.0,0,0.0,state_l2:f_hat,8.787032335996628,16
p2/var_pilot_25656645/noise_h_s0_sev1.0,var,noise_h,0,1.0,0,0.0,state_rel_l2:f_hat,0.6963739339262247,16
p2/var_pilot_25656645/noise_h_s0_sev1.0,var,noise_h,0,1.0,0,0.0,state_cos:f_hat,0.8046687506139278,16
p2/var_pilot_25656645/noise_h_s0_sev1.0,var,noise_h,0,1.0,1,0.1111111111111111,state_l2:f_hat,14.73684948682785,16
p2/var_pilot_25656645/noise_h_s0_sev1.0,var,noise_h,0,1.0,1,0.1111111111111111,state_rel_l2:f_hat,0.7896693032234907,16
p2/var_pilot_25656645/noise_h_s0_sev1.0,var,noise_h,0,1.0,1,0.1111111111111111,state_cos:f_hat,0.6749762762337923,16
p2/var_pilot_25656645/noise_h_s0_sev1.0,var,noise_h,0,1.0,2,0.2222222222222222,state_l2:f_hat,19.28359079360962,16
p2/var_pilot_25656645/noise_h_s0_sev1.0,var,noise_h,0,1.0,2,0.2222222222222222,state_rel_l2:f_hat,0.8650566898286343,16
p2/var_pilot_25656645/noise_h_s0_sev1.0,var,noise_h,0,1.0,2,0.2222222222222222,state_cos:f_hat,0.6131987208500504,16
p2/var_pilot_25656645/noise_h_s0_sev1.0,var,noise_h,0,1.0,3,0.3333333333333333,state_l2:f_hat,23.85678720474243,16
p2/var_pilot_25656645/noise_h_s0_sev1.0,var,noise_h,0,1.0,3,0.3333333333333333,state_rel_l2:f_hat,0.9621154442429543,16
p2/var_pilot_25656645/noise_h_s0_sev1.0,var,noise_h,0,1.0,3,0.3333333333333333,state_cos:f_hat,0.5352240912616253,16
p2/var_pilot_25656645/noise_h_s0_sev1.0,var,noise_h,0,1.0,4,0.4444444444444444,state_l2:f_hat,27.535041093826294,16
p2/var_pilot_25656645/noise_h_s0_sev1.0,var,noise_h,0,1.0,4,0.4444444444444444,state_rel_l2:f_hat,1.018711768090725,16
p2/var_pilot_25656645/noise_h_s0_sev1.0,var,noise_h,0,1.0,4,0.4444444444444444,state_cos:f_hat,0.47933501191437244,16
p2/var_pilot_25656645/noise_h_s0_sev1.0,var,noise_h,0,1.0,5,0.5555555555555556,state_l2:f_hat,31.92268705368042,16
p2/var_pilot_25656645/noise_h_s0_sev1.0,var,noise_h,0,1.0,5,0.5555555555555556,state_rel_l2:f_hat,1.0646290108561516,16
p2/var_pilot_25656645/noise_h_s0_sev1.0,var,noise_h,0,1.0,5,0.5555555555555556,state_cos:f_hat,0.42876436188817024,16
p2/var_pilot_25656645/noise_h_s0_sev1.0,var,noise_h,0,1.0,6,0.6666666666666666,state_l2:f_hat,38.56996500492096,16
p2/var_pilot_25656645/noise_h_s0_sev1.0,var,noise_h,0,1.0,6,0.6666666666666666,state_rel_l2:f_hat,1.135446209460497,16
p2/var_pilot_25656645/noise_h_s0_sev1.0,var,noise_h,0,1.0,6,0.6666666666666666,state_cos:f_hat,0.3529391475021839,16
p2/var_pilot_25656645/noise_h_s0_sev1.0,var,noise_h,0,1.0,7,0.7777777777777778,state_l2:f_hat,44.723806619644165,16
p2/var_pilot_25656645/noise_h_s0_sev1.0,var,noise_h,0,1.0,7,0.7777777777777778,state_rel_l2:f_hat,1.180997610092163,16
p2/var_pilot_25656645/noise_h_s0_sev1.0,var,noise_h,0,1.0,7,0.7777777777777778,state_cos:f_hat,0.30053043831139803,16
p2/var_pilot_25656645/noise_h_s0_sev1.0,var,noise_h,0,1.0,8,0.8888888888888888,state_l2:f_hat,52.19066524505615,16
p2/var_pilot_25656645/noise_h_s0_sev1.0,var,noise_h,0,1.0,8,0.8888888888888888,state_rel_l2:f_hat,1.2244263663887978,16
p2/var_pilot_25656645/noise_h_s0_sev1.0,var,noise_h,0,1.0,8,0.8888888888888888,state_cos:f_hat,0.250152544118464,16
p2/var_pilot_25656645/noise_h_s0_sev1.0,var,noise_h,0,1.0,9,1.0,state_l2:f_hat,67.09874105453491,16
p2/var_pilot_25656645/noise_h_s0_sev1.0,var,noise_h,0,1.0,9,1.0,state_rel_l2:f_hat,1.2794089689850807,16
p2/var_pilot_25656645/noise_h_s0_sev1.0,var,noise_h,0,1.0,9,1.0,state_cos:f_hat,0.18223125813528895,16
p2/var_pilot_25656645/noise_h_s3_sev0.25,var,noise_h,3,0.25,0,0.0,state_l2:f_hat,0.0,16
p2/var_pilot_25656645/noise_h_s3_sev0.25,var,noise_h,3,0.25,0,0.0,state_rel_l2:f_hat,0.0,16
p2/var_pilot_25656645/noise_h_s3_sev0.25,var,noise_h,3,0.25,0,0.0,state_cos:f_hat,1.0000003390014172,16
p2/var_pilot_25656645/noise_h_s3_sev0.25,var,noise_h,3,0.25,1,0.1111111111111111,state_l2:f_hat,0.0,16
p2/var_pilot_25656645/noise_h_s3_sev0.25,var,noise_h,3,0.25,1,0.1111111111111111,state_rel_l2:f_hat,0.0,16
p2/var_pilot_25656645/noise_h_s3_sev0.25,var,noise_h,3,0.25,1,0.1111111111111111,state_cos:f_hat,1.000000011175871,16
p2/var_pilot_25656645/noise_h_s3_sev0.25,var,noise_h,3,0.25,2,0.2222222222222222,state_l2:f_hat,0.0,16
p2/var_pilot_25656645/noise_h_s3_sev0.25,var,noise_h,3,0.25,2,0.2222222222222222,state_rel_l2:f_hat,0.0,16
p2/var_pilot_25656645/noise_h_s3_sev0.25,var,noise_h,3,0.25,2,0.2222222222222222,state_cos:f_hat,0.9999999515712261,16
p2/var_pilot_25656645/noise_h_s3_sev0.25,var,noise_h,3,0.25,3,0.3333333333333333,state_l2:f_hat,2.752978801727295,16
p2/var_pilot_25656645/noise_h_s3_sev0.25,var,noise_h,3,0.25,3,0.3333333333333333,state_rel_l2:f_hat,0.1115235579200089,16
p2/var_pilot_25656645/noise_h_s3_sev0.25,var,noise_h,3,0.25,3,0.3333333333333333,state_cos:f_hat,0.9938040040433407,16
p2/var_pilot_25656645/noise_h_s3_sev0.25,var,noise_h,3,0.25,4,0.4444444444444444,state_l2:f_hat,6.440305024385452,16
p2/var_pilot_25656645/noise_h_s3_sev0.25,var,noise_h,3,0.25,4,0.4444444444444444,state_rel_l2:f_hat,0.23909818846732378,16
p2/var_pilot_25656645/noise_h_s3_sev0.25,var,noise_h,3,0.25,4,0.4444444444444444,state_cos:f_hat,0.9698467589914799,16
p2/var_pilot_25656645/noise_h_s3_sev0.25,var,noise_h,3,0.25,5,0.5555555555555556,state_l2:f_hat,12.318861484527588,16
p2/var_pilot_25656645/noise_h_s3_sev0.25,var,noise_h,3,0.25,5,0.5555555555555556,state_rel_l2:f_hat,0.4124562330543995,16
p2/var_pilot_25656645/noise_h_s3_sev0.25,var,noise_h,3,0.25,5,0.5555555555555556,state_cos:f_hat,0.9121975153684616,16
p2/var_pilot_25656645/noise_h_s3_sev0.25,var,noise_h,3,0.25,6,0.6666666666666666,state_l2:f_hat,20.32776141166687,16
p2/var_pilot_25656645/noise_h_s3_sev0.25,var,noise_h,3,0.25,6,0.6666666666666666,state_rel_l2:f_hat,0.6002237759530544,16
p2/var_pilot_25656645/noise_h_s3_sev0.25,var,noise_h,3,0.25,6,0.6666666666666666,state_cos:f_hat,0.8175500556826591,16
p2/var_pilot_25656645/noise_h_s3_sev0.25,var,noise_h,3,0.25,7,0.7777777777777778,state_l2:f_hat,28.152000904083252,16
p2/var_pilot_25656645/noise_h_s3_sev0.25,var,noise_h,3,0.25,7,0.7777777777777778,state_rel_l2:f_hat,0.7443065866827965,16
p2/var_pilot_25656645/noise_h_s3_sev0.25,var,noise_h,3,0.25,7,0.7777777777777778,state_cos:f_hat,0.721148606389761,16
p2/var_pilot_25656645/noise_h_s3_sev0.25,var,noise_h,3,0.25,8,0.8888888888888888,state_l2:f_hat,37.004053711891174,16
p2/var_pilot_25656645/noise_h_s3_sev0.25,var,noise_h,3,0.25,8,0.8888888888888888,state_rel_l2:f_hat,0.8688910007476807,16
p2/var_pilot_25656645/noise_h_s3_sev0.25,var,noise_h,3,0.25,8,0.8888888888888888,state_cos:f_hat,0.6224125884473324,16
p2/var_pilot_25656645/noise_h_s3_sev0.25,var,noise_h,3,0.25,9,1.0,state_l2:f_hat,54.305959701538086,16
p2/var_pilot_25656645/noise_h_s3_sev0.25,var,noise_h,3,0.25,9,1.0,state_rel_l2:f_hat,1.036593984812498,16
p2/var_pilot_25656645/noise_h_s3_sev0.25,var,noise_h,3,0.25,9,1.0,state_cos:f_hat,0.4644473306834698,16
p2/var_pilot_25656645/noise_h_s3_sev1.0,var,noise_h,3,1.0,0,0.0,state_l2:f_hat,0.0,16
p2/var_pilot_25656645/noise_h_s3_sev1.0,var,noise_h,3,1.0,0,0.0,state_rel_l2:f_hat,0.0,16
p2/var_pilot_25656645/noise_h_s3_sev1.0,var,noise_h,3,1.0,0,0.0,state_cos:f_hat,1.0000003390014172,16
p2/var_pilot_25656645/noise_h_s3_sev1.0,var,noise_h,3,1.0,1,0.1111111111111111,state_l2:f_hat,0.0,16
p2/var_pilot_25656645/noise_h_s3_sev1.0,var,noise_h,3,1.0,1,0.1111111111111111,state_rel_l2:f_hat,0.0,16
p2/var_pilot_25656645/noise_h_s3_sev1.0,var,noise_h,3,1.0,1,0.1111111111111111,state_cos:f_hat,1.000000011175871,16
p2/var_pilot_25656645/noise_h_s3_sev1.0,var,noise_h,3,1.0,2,0.2222222222222222,state_l2:f_hat,0.0,16
p2/var_pilot_25656645/noise_h_s3_sev1.0,var,noise_h,3,1.0,2,0.2222222222222222,state_rel_l2:f_hat,0.0,16
p2/var_pilot_25656645/noise_h_s3_sev1.0,var,noise_h,3,1.0,2,0.2222222222222222,state_cos:f_hat,0.9999999515712261,16
p2/var_pilot_25656645/noise_h_s3_sev1.0,var,noise_h,3,1.0,3,0.3333333333333333,state_l2:f_hat,11.01191532611847,16
p2/var_pilot_25656645/noise_h_s3_sev1.0,var,noise_h,3,1.0,3,0.3333333333333333,state_rel_l2:f_hat,0.4460942316800356,16
p2/var_pilot_25656645/noise_h_s3_sev1.0,var,noise_h,3,1.0,3,0.3333333333333333,state_cos:f_hat,0.9127958491444588,16
p2/var_pilot_25656645/noise_h_s3_sev1.0,var,noise_h,3,1.0,4,0.4444444444444444,state_l2:f_hat,15.622259378433228,16
p2/var_pilot_25656645/noise_h_s3_sev1.0,var,noise_h,3,1.0,4,0.4444444444444444,state_rel_l2:f_hat,0.5802261121571064,16
p2/var_pilot_25656645/noise_h_s3_sev1.0,var,noise_h,3,1.0,4,0.4444444444444444,state_cos:f_hat,0.8447833396494389,16
p2/var_pilot_25656645/noise_h_s3_sev1.0,var,noise_h,3,1.0,5,0.5555555555555556,state_l2:f_hat,21.20977294445038,16
p2/var_pilot_25656645/noise_h_s3_sev1.0,var,noise_h,3,1.0,5,0.5555555555555556,state_rel_l2:f_hat,0.7093041390180588,16
p2/var_pilot_25656645/noise_h_s3_sev1.0,var,noise_h,3,1.0,5,0.5555555555555556,state_cos:f_hat,0.7634089812636375,16
p2/var_pilot_25656645/noise_h_s3_sev1.0,var,noise_h,3,1.0,6,0.6666666666666666,state_l2:f_hat,28.744121432304382,16
p2/var_pilot_25656645/noise_h_s3_sev1.0,var,noise_h,3,1.0,6,0.6666666666666666,state_rel_l2:f_hat,0.8477560058236122,16
p2/var_pilot_25656645/noise_h_s3_sev1.0,var,noise_h,3,1.0,6,0.6666666666666666,state_cos:f_hat,0.6604281775653362,16
p2/var_pilot_25656645/noise_h_s3_sev1.0,var,noise_h,3,1.0,7,0.7777777777777778,state_l2:f_hat,36.162888526916504,16
p2/var_pilot_25656645/noise_h_s3_sev1.0,var,noise_h,3,1.0,7,0.7777777777777778,state_rel_l2:f_hat,0.9555879980325699,16
p2/var_pilot_25656645/noise_h_s3_sev1.0,var,noise_h,3,1.0,7,0.7777777777777778,state_cos:f_hat,0.568433128297329,16
p2/var_pilot_25656645/noise_h_s3_sev1.0,var,noise_h,3,1.0,8,0.8888888888888888,state_l2:f_hat,45.02567148208618,16
p2/var_pilot_25656645/noise_h_s3_sev1.0,var,noise_h,3,1.0,8,0.8888888888888888,state_rel_l2:f_hat,1.0565565451979637,16
p2/var_pilot_25656645/noise_h_s3_sev1.0,var,noise_h,3,1.0,8,0.8888888888888888,state_cos:f_hat,0.47581969015300274,16
p2/var_pilot_25656645/noise_h_s3_sev1.0,var,noise_h,3,1.0,9,1.0,state_l2:f_hat,61.49751877784729,16
p2/var_pilot_25656645/noise_h_s3_sev1.0,var,noise_h,3,1.0,9,1.0,state_rel_l2:f_hat,1.1732692494988441,16
p2/var_pilot_25656645/noise_h_s3_sev1.0,var,noise_h,3,1.0,9,1.0,state_cos:f_hat,0.3456641938537359,16
p2/var_pilot_25656645/noise_h_s6_sev0.25,var,noise_h,6,0.25,0,0.0,state_l2:f_hat,0.0,16
p2/var_pilot_25656645/noise_h_s6_sev0.25,var,noise_h,6,0.25,0,0.0,state_rel_l2:f_hat,0.0,16
p2/var_pilot_25656645/noise_h_s6_sev0.25,var,noise_h,6,0.25,0,0.0,state_cos:f_hat,1.0000003390014172,16
p2/var_pilot_25656645/noise_h_s6_sev0.25,var,noise_h,6,0.25,1,0.1111111111111111,state_l2:f_hat,0.0,16
p2/var_pilot_25656645/noise_h_s6_sev0.25,var,noise_h,6,0.25,1,0.1111111111111111,state_rel_l2:f_hat,0.0,16
p2/var_pilot_25656645/noise_h_s6_sev0.25,var,noise_h,6,0.25,1,0.1111111111111111,state_cos:f_hat,1.000000011175871,16
p2/var_pilot_25656645/noise_h_s6_sev0.25,var,noise_h,6,0.25,2,0.2222222222222222,state_l2:f_hat,0.0,16
p2/var_pilot_25656645/noise_h_s6_sev0.25,var,noise_h,6,0.25,2,0.2222222222222222,state_rel_l2:f_hat,0.0,16
p2/var_pilot_25656645/noise_h_s6_sev0.25,var,noise_h,6,0.25,2,0.2222222222222222,state_cos:f_hat,0.9999999515712261,16
p2/var_pilot_25656645/noise_h_s6_sev0.25,var,noise_h,6,0.25,3,0.3333333333333333,state_l2:f_hat,0.0,16
p2/var_pilot_25656645/noise_h_s6_sev0.25,var,noise_h,6,0.25,3,0.3333333333333333,state_rel_l2:f_hat,0.0,16
p2/var_pilot_25656645/noise_h_s6_sev0.25,var,noise_h,6,0.25,3,0.3333333333333333,state_cos:f_hat,1.000000011175871,16
p2/var_pilot_25656645/noise_h_s6_sev0.25,var,noise_h,6,0.25,4,0.4444444444444444,state_l2:f_hat,0.0,16
p2/var_pilot_25656645/noise_h_s6_sev0.25,var,noise_h,6,0.25,4,0.4444444444444444,state_rel_l2:f_hat,0.0,16
p2/var_pilot_25656645/noise_h_s6_sev0.25,var,noise_h,6,0.25,4,0.4444444444444444,state_cos:f_hat,1.0000000149011612,16
p2/var_pilot_25656645/noise_h_s6_sev0.25,var,noise_h,6,0.25,5,0.5555555555555556,state_l2:f_hat,0.0,16
p2/var_pilot_25656645/noise_h_s6_sev0.25,var,noise_h,6,0.25,5,0.5555555555555556,state_rel_l2:f_hat,0.0,16
p2/var_pilot_25656645/noise_h_s6_sev0.25,var,noise_h,6,0.25,5,0.5555555555555556,state_cos:f_hat,1.0000000521540642,16
p2/var_pilot_25656645/noise_h_s6_sev0.25,var,noise_h,6,0.25,6,0.6666666666666666,state_l2:f_hat,4.086954906582832,16
p2/var_pilot_25656645/noise_h_s6_sev0.25,var,noise_h,6,0.25,6,0.6666666666666666,state_rel_l2:f_hat,0.12060323124751449,16
p2/var_pilot_25656645/noise_h_s6_sev0.25,var,noise_h,6,0.25,6,0.6666666666666666,state_cos:f_hat,0.9927952662110329,16
p2/var_pilot_25656645/noise_h_s6_sev0.25,var,noise_h,6,0.25,7,0.7777777777777778,state_l2:f_hat,11.91639119386673,16
p2/var_pilot_25656645/noise_h_s6_sev0.25,var,noise_h,6,0.25,7,0.7777777777777778,state_rel_l2:f_hat,0.3149349857121706,16
p2/var_pilot_25656645/noise_h_s6_sev0.25,var,noise_h,6,0.25,7,0.7777777777777778,state_cos:f_hat,0.9502514414489269,16
p2/var_pilot_25656645/noise_h_s6_sev0.25,var,noise_h,6,0.25,8,0.8888888888888888,state_l2:f_hat,21.80309283733368,16
p2/var_pilot_25656645/noise_h_s6_sev0.25,var,noise_h,6,0.25,8,0.8888888888888888,state_rel_l2:f_hat,0.5125117264688015,16
p2/var_pilot_25656645/noise_h_s6_sev0.25,var,noise_h,6,0.25,8,0.8888888888888888,state_cos:f_hat,0.8690560720860958,16
p2/var_pilot_25656645/noise_h_s6_sev0.25,var,noise_h,6,0.25,9,1.0,state_l2:f_hat,40.437597036361694,16
p2/var_pilot_25656645/noise_h_s6_sev0.25,var,noise_h,6,0.25,9,1.0,state_rel_l2:f_hat,0.7728087976574898,16
p2/var_pilot_25656645/noise_h_s6_sev0.25,var,noise_h,6,0.25,9,1.0,state_cos:f_hat,0.7015381716191769,16
p2/var_pilot_25656645/noise_h_s6_sev1.0,var,noise_h,6,1.0,0,0.0,state_l2:f_hat,0.0,16
p2/var_pilot_25656645/noise_h_s6_sev1.0,var,noise_h,6,1.0,0,0.0,state_rel_l2:f_hat,0.0,16
p2/var_pilot_25656645/noise_h_s6_sev1.0,var,noise_h,6,1.0,0,0.0,state_cos:f_hat,1.0000003390014172,16
p2/var_pilot_25656645/noise_h_s6_sev1.0,var,noise_h,6,1.0,1,0.1111111111111111,state_l2:f_hat,0.0,16
p2/var_pilot_25656645/noise_h_s6_sev1.0,var,noise_h,6,1.0,1,0.1111111111111111,state_rel_l2:f_hat,0.0,16
p2/var_pilot_25656645/noise_h_s6_sev1.0,var,noise_h,6,1.0,1,0.1111111111111111,state_cos:f_hat,1.000000011175871,16
p2/var_pilot_25656645/noise_h_s6_sev1.0,var,noise_h,6,1.0,2,0.2222222222222222,state_l2:f_hat,0.0,16
p2/var_pilot_25656645/noise_h_s6_sev1.0,var,noise_h,6,1.0,2,0.2222222222222222,state_rel_l2:f_hat,0.0,16
p2/var_pilot_25656645/noise_h_s6_sev1.0,var,noise_h,6,1.0,2,0.2222222222222222,state_cos:f_hat,0.9999999515712261,16
p2/var_pilot_25656645/noise_h_s6_sev1.0,var,noise_h,6,1.0,3,0.3333333333333333,state_l2:f_hat,0.0,16
p2/var_pilot_25656645/noise_h_s6_sev1.0,var,noise_h,6,1.0,3,0.3333333333333333,state_rel_l2:f_hat,0.0,16
p2/var_pilot_25656645/noise_h_s6_sev1.0,var,noise_h,6,1.0,3,0.3333333333333333,state_cos:f_hat,1.000000011175871,16
p2/var_pilot_25656645/noise_h_s6_sev1.0,var,noise_h,6,1.0,4,0.4444444444444444,state_l2:f_hat,0.0,16
p2/var_pilot_25656645/noise_h_s6_sev1.0,var,noise_h,6,1.0,4,0.4444444444444444,state_rel_l2:f_hat,0.0,16
p2/var_pilot_25656645/noise_h_s6_sev1.0,var,noise_h,6,1.0,4,0.4444444444444444,state_cos:f_hat,1.0000000149011612,16
p2/var_pilot_25656645/noise_h_s6_sev1.0,var,noise_h,6,1.0,5,0.5555555555555556,state_l2:f_hat,0.0,16
p2/var_pilot_25656645/noise_h_s6_sev1.0,var,noise_h,6,1.0,5,0.5555555555555556,state_rel_l2:f_hat,0.0,16
p2/var_pilot_25656645/noise_h_s6_sev1.0,var,noise_h,6,1.0,5,0.5555555555555556,state_cos:f_hat,1.0000000521540642,16
p2/var_pilot_25656645/noise_h_s6_sev1.0,var,noise_h,6,1.0,6,0.6666666666666666,state_l2:f_hat,16.34781938791275,16
p2/var_pilot_25656645/noise_h_s6_sev1.0,var,noise_h,6,1.0,6,0.6666666666666666,state_rel_l2:f_hat,0.48241291753947735,16
p2/var_pilot_25656645/noise_h_s6_sev1.0,var,noise_h,6,1.0,6,0.6666666666666666,state_cos:f_hat,0.9009609930217266,16
p2/var_pilot_25656645/noise_h_s6_sev1.0,var,noise_h,6,1.0,7,0.7777777777777778,state_l2:f_hat,24.695287942886353,16
p2/var_pilot_25656645/noise_h_s6_sev1.0,var,noise_h,6,1.0,7,0.7777777777777778,state_rel_l2:f_hat,0.6529240608215332,16
p2/var_pilot_25656645/noise_h_s6_sev1.0,var,noise_h,6,1.0,7,0.7777777777777778,state_cos:f_hat,0.8066756203770638,16
p2/var_pilot_25656645/noise_h_s6_sev1.0,var,noise_h,6,1.0,8,0.8888888888888888,state_l2:f_hat,33.905524492263794,16
p2/var_pilot_25656645/noise_h_s6_sev1.0,var,noise_h,6,1.0,8,0.8888888888888888,state_rel_l2:f_hat,0.7963094487786293,16
p2/var_pilot_25656645/noise_h_s6_sev1.0,var,noise_h,6,1.0,8,0.8888888888888888,state_cos:f_hat,0.7081920020282269,16
p2/var_pilot_25656645/noise_h_s6_sev1.0,var,noise_h,6,1.0,9,1.0,state_l2:f_hat,51.52638292312622,16
p2/var_pilot_25656645/noise_h_s6_sev1.0,var,noise_h,6,1.0,9,1.0,state_rel_l2:f_hat,0.9836300946772099,16
p2/var_pilot_25656645/noise_h_s6_sev1.0,var,noise_h,6,1.0,9,1.0,state_cos:f_hat,0.5433591324836016,16
p2/var_pilot_25656645/noise_h_s9_sev0.25,var,noise_h,9,0.25,0,0.0,state_l2:f_hat,0.0,16
p2/var_pilot_25656645/noise_h_s9_sev0.25,var,noise_h,9,0.25,0,0.0,state_rel_l2:f_hat,0.0,16
p2/var_pilot_25656645/noise_h_s9_sev0.25,var,noise_h,9,0.25,0,0.0,state_cos:f_hat,1.0000003390014172,16
p2/var_pilot_25656645/noise_h_s9_sev0.25,var,noise_h,9,0.25,1,0.1111111111111111,state_l2:f_hat,0.0,16
p2/var_pilot_25656645/noise_h_s9_sev0.25,var,noise_h,9,0.25,1,0.1111111111111111,state_rel_l2:f_hat,0.0,16
p2/var_pilot_25656645/noise_h_s9_sev0.25,var,noise_h,9,0.25,1,0.1111111111111111,state_cos:f_hat,1.000000011175871,16
p2/var_pilot_25656645/noise_h_s9_sev0.25,var,noise_h,9,0.25,2,0.2222222222222222,state_l2:f_hat,0.0,16
p2/var_pilot_25656645/noise_h_s9_sev0.25,var,noise_h,9,0.25,2,0.2222222222222222,state_rel_l2:f_hat,0.0,16
p2/var_pilot_25656645/noise_h_s9_sev0.25,var,noise_h,9,0.25,2,0.2222222222222222,state_cos:f_hat,0.9999999515712261,16
p2/var_pilot_25656645/noise_h_s9_sev0.25,var,noise_h,9,0.25,3,0.3333333333333333,state_l2:f_hat,0.0,16
p2/var_pilot_25656645/noise_h_s9_sev0.25,var,noise_h,9,0.25,3,0.3333333333333333,state_rel_l2:f_hat,0.0,16
p2/var_pilot_25656645/noise_h_s9_sev0.25,var,noise_h,9,0.25,3,0.3333333333333333,state_cos:f_hat,1.000000011175871,16
p2/var_pilot_25656645/noise_h_s9_sev0.25,var,noise_h,9,0.25,4,0.4444444444444444,state_l2:f_hat,0.0,16
p2/var_pilot_25656645/noise_h_s9_sev0.25,var,noise_h,9,0.25,4,0.4444444444444444,state_rel_l2:f_hat,0.0,16
p2/var_pilot_25656645/noise_h_s9_sev0.25,var,noise_h,9,0.25,4,0.4444444444444444,state_cos:f_hat,1.0000000149011612,16
p2/var_pilot_25656645/noise_h_s9_sev0.25,var,noise_h,9,0.25,5,0.5555555555555556,state_l2:f_hat,0.0,16
p2/var_pilot_25656645/noise_h_s9_sev0.25,var,noise_h,9,0.25,5,0.5555555555555556,state_rel_l2:f_hat,0.0,16
p2/var_pilot_25656645/noise_h_s9_sev0.25,var,noise_h,9,0.25,5,0.5555555555555556,state_cos:f_hat,1.0000000521540642,16
p2/var_pilot_25656645/noise_h_s9_sev0.25,var,noise_h,9,0.25,6,0.6666666666666666,state_l2:f_hat,0.0,16
p2/var_pilot_25656645/noise_h_s9_sev0.25,var,noise_h,9,0.25,6,0.6666666666666666,state_rel_l2:f_hat,0.0,16
p2/var_pilot_25656645/noise_h_s9_sev0.25,var,noise_h,9,0.25,6,0.6666666666666666,state_cos:f_hat,1.0000000558793545,16
p2/var_pilot_25656645/noise_h_s9_sev0.25,var,noise_h,9,0.25,7,0.7777777777777778,state_l2:f_hat,0.0,16
p2/var_pilot_25656645/noise_h_s9_sev0.25,var,noise_h,9,0.25,7,0.7777777777777778,state_rel_l2:f_hat,0.0,16
p2/var_pilot_25656645/noise_h_s9_sev0.25,var,noise_h,9,0.25,7,0.7777777777777778,state_cos:f_hat,1.000000011175871,16
p2/var_pilot_25656645/noise_h_s9_sev0.25,var,noise_h,9,0.25,8,0.8888888888888888,state_l2:f_hat,0.0,16
p2/var_pilot_25656645/noise_h_s9_sev0.25,var,noise_h,9,0.25,8,0.8888888888888888,state_rel_l2:f_hat,0.0,16
p2/var_pilot_25656645/noise_h_s9_sev0.25,var,noise_h,9,0.25,8,0.8888888888888888,state_cos:f_hat,1.0000001229345798,16
p2/var_pilot_25656645/noise_h_s9_sev0.25,var,noise_h,9,0.25,9,1.0,state_l2:f_hat,7.8948889672756195,16
p2/var_pilot_25656645/noise_h_s9_sev0.25,var,noise_h,9,0.25,9,1.0,state_rel_l2:f_hat,0.15099387988448143,16
p2/var_pilot_25656645/noise_h_s9_sev0.25,var,noise_h,9,0.25,9,1.0,state_cos:f_hat,0.988755851984024,16
p2/var_pilot_25656645/noise_h_s9_sev1.0,var,noise_h,9,1.0,0,0.0,state_l2:f_hat,0.0,16
p2/var_pilot_25656645/noise_h_s9_sev1.0,var,noise_h,9,1.0,0,0.0,state_rel_l2:f_hat,0.0,16
p2/var_pilot_25656645/noise_h_s9_sev1.0,var,noise_h,9,1.0,0,0.0,state_cos:f_hat,1.0000003390014172,16
p2/var_pilot_25656645/noise_h_s9_sev1.0,var,noise_h,9,1.0,1,0.1111111111111111,state_l2:f_hat,0.0,16
p2/var_pilot_25656645/noise_h_s9_sev1.0,var,noise_h,9,1.0,1,0.1111111111111111,state_rel_l2:f_hat,0.0,16
p2/var_pilot_25656645/noise_h_s9_sev1.0,var,noise_h,9,1.0,1,0.1111111111111111,state_cos:f_hat,1.000000011175871,16
p2/var_pilot_25656645/noise_h_s9_sev1.0,var,noise_h,9,1.0,2,0.2222222222222222,state_l2:f_hat,0.0,16
p2/var_pilot_25656645/noise_h_s9_sev1.0,var,noise_h,9,1.0,2,0.2222222222222222,state_rel_l2:f_hat,0.0,16
p2/var_pilot_25656645/noise_h_s9_sev1.0,var,noise_h,9,1.0,2,0.2222222222222222,state_cos:f_hat,0.9999999515712261,16
p2/var_pilot_25656645/noise_h_s9_sev1.0,var,noise_h,9,1.0,3,0.3333333333333333,state_l2:f_hat,0.0,16
p2/var_pilot_25656645/noise_h_s9_sev1.0,var,noise_h,9,1.0,3,0.3333333333333333,state_rel_l2:f_hat,0.0,16
p2/var_pilot_25656645/noise_h_s9_sev1.0,var,noise_h,9,1.0,3,0.3333333333333333,state_cos:f_hat,1.000000011175871,16
p2/var_pilot_25656645/noise_h_s9_sev1.0,var,noise_h,9,1.0,4,0.4444444444444444,state_l2:f_hat,0.0,16
p2/var_pilot_25656645/noise_h_s9_sev1.0,var,noise_h,9,1.0,4,0.4444444444444444,state_rel_l2:f_hat,0.0,16
p2/var_pilot_25656645/noise_h_s9_sev1.0,var,noise_h,9,1.0,4,0.4444444444444444,state_cos:f_hat,1.0000000149011612,16
p2/var_pilot_25656645/noise_h_s9_sev1.0,var,noise_h,9,1.0,5,0.5555555555555556,state_l2:f_hat,0.0,16
p2/var_pilot_25656645/noise_h_s9_sev1.0,var,noise_h,9,1.0,5,0.5555555555555556,state_rel_l2:f_hat,0.0,16
p2/var_pilot_25656645/noise_h_s9_sev1.0,var,noise_h,9,1.0,5,0.5555555555555556,state_cos:f_hat,1.0000000521540642,16
p2/var_pilot_25656645/noise_h_s9_sev1.0,var,noise_h,9,1.0,6,0.6666666666666666,state_l2:f_hat,0.0,16
p2/var_pilot_25656645/noise_h_s9_sev1.0,var,noise_h,9,1.0,6,0.6666666666666666,state_rel_l2:f_hat,0.0,16
p2/var_pilot_25656645/noise_h_s9_sev1.0,var,noise_h,9,1.0,6,0.6666666666666666,state_cos:f_hat,1.0000000558793545,16
p2/var_pilot_25656645/noise_h_s9_sev1.0,var,noise_h,9,1.0,7,0.7777777777777778,state_l2:f_hat,0.0,16
p2/var_pilot_25656645/noise_h_s9_sev1.0,var,noise_h,9,1.0,7,0.7777777777777778,state_rel_l2:f_hat,0.0,16
p2/var_pilot_25656645/noise_h_s9_sev1.0,var,noise_h,9,1.0,7,0.7777777777777778,state_cos:f_hat,1.000000011175871,16
p2/var_pilot_25656645/noise_h_s9_sev1.0,var,noise_h,9,1.0,8,0.8888888888888888,state_l2:f_hat,0.0,16
p2/var_pilot_25656645/noise_h_s9_sev1.0,var,noise_h,9,1.0,8,0.8888888888888888,state_rel_l2:f_hat,0.0,16
p2/var_pilot_25656645/noise_h_s9_sev1.0,var,noise_h,9,1.0,8,0.8888888888888888,state_cos:f_hat,1.0000001229345798,16
p2/var_pilot_25656645/noise_h_s9_sev1.0,var,noise_h,9,1.0,9,1.0,state_l2:f_hat,31.5795556306839,16
p2/var_pilot_25656645/noise_h_s9_sev1.0,var,noise_h,9,1.0,9,1.0,state_rel_l2:f_hat,0.6039755195379257,16
p2/var_pilot_25656645/noise_h_s9_sev1.0,var,noise_h,9,1.0,9,1.0,state_cos:f_hat,0.85560192912817,16
