run_id,experiment,model,hook,scale,stage,p,severity,n_images,img_mse,img_psnr_db,img_mad255,state,gap_l2_injection,gap_l2_final,gap_l2_ratio,gap_rel_l2_final,cls_prob,cls_prob_base,cls_top1,cls_top1_base,cls_top5,cls_top5_base,cls_agree_base,kid_vs_base
p2/dit_pilot_25656645/noise_x_s197_sev0.25,dit_pilot_25656645,dit,noise_x,rel,197,0.8032128514056225,0.25,16,0.002505521034867461,26.011019468275038,7.707761446634929,x,14.763195216655731,9.469278544187546,0.6414111853986983,0.16845293203368783,0.8389068283140659,0.8188221296295524,0.9375,0.875,1.0,1.0,0.9375,-0.00018203426615404084
p2/dit_pilot_25656645/noise_x_s197_sev1.0,dit_pilot_25656645,dit,noise_x,rel,197,0.8032128514056225,1.0,16,0.05542909387287598,12.56262220978645,44.64448706309001,x,59.05278158187866,41.71364116668701,0.7063789384560937,0.7419521845877171,0.004887451461399905,0.8188221296295524,0.0,0.875,0.0,1.0,0.0,0.18718937265125168
p2/dit_pilot_25656645/noise_x_s497_sev0.25,dit_pilot_25656645,dit,noise_x,rel,497,0.5020080321285141,0.25,16,0.008860309595452445,20.525511028028443,13.832729975382486,x,15.832884132862091,16.318076193332672,1.030644578486085,0.29455388337373734,0.7710064217098989,0.8188221296295524,0.8125,0.875,0.875,1.0,0.875,0.000858351988330508
p2/dit_pilot_25656645/noise_x_s497_sev1.0,dit_pilot_25656645,dit,noise_x,rel,497,0.5020080321285141,1.0,16,0.06316205188125949,11.995437699519972,47.128672281901046,x,63.33153700828552,43.566699504852295,0.6879147666849229,0.7741394862532616,0.725474985098117,0.8188221296295524,0.875,0.875,0.875,1.0,0.8125,0.018452357239531647
p2/dit_pilot_25656645/noise_x_s798_sev0.25,dit_pilot_25656645,dit,noise_x,rel,798,0.20080321285140562,0.25,16,0.006155468179188705,22.107389094417556,10.962526003519692,x,15.920033156871796,12.40791741013527,0.779390173869045,0.22645814577117562,0.8516591768711805,0.8188221296295524,0.9375,0.875,1.0,1.0,0.9375,-0.00013728903380094692
p2/dit_pilot_25656645/noise_x_s798_sev1.0,dit_pilot_25656645,dit,noise_x,rel,798,0.20080321285140562,1.0,16,0.019570786245019255,17.08391726461867,22.28339672088623,x,63.68013262748718,23.698864221572876,0.3721547560242265,0.42366188392043114,0.807420407072641,0.8188221296295524,0.9375,0.875,1.0,1.0,0.9375,1.585919020685722e-05
p2/var_pilot_25656645/noise_h_s0_sev0.25,var_pilot_25656645,var,noise_h,rel,0,0.0,0.25,16,0.05499065348815722,12.597111192958561,39.0684019724528,f_hat,2.196757920086384,61.80236625671387,28.133444150406703,1.1779066920280457,0.8212860623025335,0.745283224969171,0.875,0.8125,0.9375,0.9375,0.875,0.00018788901235611277
p2/var_pilot_25656645/noise_h_s0_sev1.0,var_pilot_25656645,var,noise_h,rel,0,0.0,1.0,16,0.08263901513615557,10.828148672324069,53.04867362976074,f_hat,8.787032335996628,67.09874105453491,7.636109495086381,1.2794089689850807,0.7389717595651746,0.745283224969171,0.875,0.8125,1.0,0.9375,0.6875,-0.0030175685264661745
p2/var_pilot_25656645/noise_h_s3_sev0.25,var_pilot_25656645,var,noise_h,rel,3,0.3333333333333333,0.25,16,0.028494549768025734,15.45238200764436,26.450903892517086,f_hat,2.752978801727295,54.305959701538086,19.726254218690325,1.036593984812498,0.7585646477527916,0.745283224969171,0.875,0.8125,0.9375,0.9375,0.8125,-0.0005215679194350287
p2/var_pilot_25656645/noise_h_s3_sev1.0,var_pilot_25656645,var,noise_h,rel,3,0.3333333333333333,1.0,16,0.0409694070802596,13.875403212222244,34.42338879903157,f_hat,11.01191532611847,61.49751877784729,5.5846341854795405,1.1732692494988441,0.8074120495002717,0.745283224969171,0.875,0.8125,1.0,0.9375,0.8125,0.000597964853057853
p2/var_pilot_25656645/noise_h_s6_sev0.25,var_pilot_25656645,var,noise_h,rel,6,0.6666666666666666,0.25,16,0.012303494076140332,19.09971535512242,16.269992192586262,f_hat,4.086954906582832,40.437597036361694,9.894309568042729,0.7728087976574898,0.73853935621446,0.745283224969171,0.8125,0.8125,0.9375,0.9375,0.8125,1.864583538724318e-05
p2/var_pilot_25656645/noise_h_s6_sev1.0,var_pilot_25656645,var,noise_h,rel,6,0.6666666666666666,1.0,16,0.022313685541227504,16.514286915707284,23.128250122070312,f_hat,16.34781938791275,51.52638292312622,3.1518810980517555,0.9836300946772099,0.7382397222099826,0.745283224969171,0.8125,0.8125,0.9375,0.9375,0.875,-0.00030879736131961266
p2/var_pilot_25656645/noise_h_s9_sev0.25,var_pilot_25656645,var,noise_h,rel,9,1.0,0.25,16,0.0006440262267119944,31.91096446484327,3.411889712015788,f_hat,7.8948889672756195,7.8948889672756195,1.0,0.15099387988448143,0.753801537444815,0.745283224969171,0.8125,0.8125,0.9375,0.9375,1.0,-2.4420870272656714e-06
p2/var_pilot_25656645/noise_h_s9_sev1.0,var_pilot_25656645,var,noise_h,rel,9,1.0,1.0,16,0.007784264307976624,21.08782426395024,13.378806432088217,f_hat,31.5795556306839,31.5795556306839,1.0,0.6039755195379257,0.7105782453436404,0.745283224969171,0.75,0.8125,0.875,0.9375,0.75,0.002485705669541982
