run_id,lane,experiment,arm,role,baseline_run_id,pairing_ok,model,config,depth,manifest,n_images,batch_size,hooks,skip_timesteps,params,seconds_load,seconds_sample,seconds_per_image,peak_vram_mb,gpu,torch,code_commit,code_dirty,pbs_jobid,created_utc,run_dir
p2/dit_pilot_25656645/baseline,p2,dit_pilot_25656645,baseline,baseline,,,dit,dit_xl2_256.yaml,,provisional_4x4.csv,16,16,p2_save_states,,{},24.13,31.63,1.9769,10079.0,NVIDIA A100-SXM4-40GB,2.1.2,dd8997f72b5bbb58b45edb0bceb541a3d0839e46,True,25656645.pbs101,2026-10-02T10:09:43Z,dit/baseline
p2/dit_pilot_25656645/noise_x_s197_sev0.25,p2,dit_pilot_25656645,noise_x_s197_sev0.25,intervention,p2/dit_pilot_25656645/baseline,True,dit,dit_xl2_256.yaml,,provisional_4x4.csv,16,16,p2_noise_x_s197_sev0.25_rel;p2_compare_states,,"{""hook"": ""noise_x"", ""scale"": ""rel"", ""severity"": 0.25, ""stage"": 197}",11.39,31.29,1.9556,10079.0,NVIDIA A100-SXM4-40GB,2.1.2,dd8997f72b5bbb58b45edb0bceb541a3d0839e46,True,25656645.pbs101,2026-10-02T10:13:47Z,dit/noise_x_s197_sev0.25
p2/dit_pilot_25656645/noise_x_s197_sev1.0,p2,dit_pilot_25656645,noise_x_s197_sev1.0,intervention,p2/dit_pilot_25656645/baseline,True,dit,dit_xl2_256.yaml,,provisional_4x4.csv,16,16,p2_noise_x_s197_sev1_rel;p2_compare_states,,"{""hook"": ""noise_x"", ""scale"": ""rel"", ""severity"": 1.0, ""stage"": 197}",11.26,31.29,1.9556,10079.0,NVIDIA A100-SXM4-40GB,2.1.2,dd8997f72b5bbb58b45edb0bceb541a3d0839e46,True,25656645.pbs101,2026-10-02T10:14:35Z,dit/noise_x_s197_sev1.0
p2/dit_pilot_25656645/noise_x_s497_sev0.25,p2,dit_pilot_25656645,noise_x_s497_sev0.25,intervention,p2/dit_pilot_25656645/baseline,True,dit,dit_xl2_256.yaml,,provisional_4x4.csv,16,16,p2_noise_x_s497_sev0.25_rel;p2_compare_states,,"{""hook"": ""noise_x"", ""scale"": ""rel"", ""severity"": 0.25, ""stage"": 497}",12.02,31.33,1.9581,10079.0,NVIDIA A100-SXM4-40GB,2.1.2,dd8997f72b5bbb58b45edb0bceb541a3d0839e46,True,25656645.pbs101,2026-10-02T10:12:10Z,dit/noise_x_s497_sev0.25
p2/dit_pilot_25656645/noise_x_s497_sev1.0,p2,dit_pilot_25656645,noise_x_s497_sev1.0,intervention,p2/dit_pilot_25656645/baseline,True,dit,dit_xl2_256.yaml,,provisional_4x4.csv,16,16,p2_noise_x_s497_sev1_rel;p2_compare_states,,"{""hook"": ""noise_x"", ""scale"": ""rel"", ""severity"": 1.0, ""stage"": 497}",11.65,31.26,1.9538,10079.0,NVIDIA A100-SXM4-40GB,2.1.2,dd8997f72b5bbb58b45edb0bceb541a3d0839e46,True,25656645.pbs101,2026-10-02T10:13:00Z,dit/noise_x_s497_sev1.0
p2/dit_pilot_25656645/noise_x_s798_sev0.25,p2,dit_pilot_25656645,noise_x_s798_sev0.25,intervention,p2/dit_pilot_25656645/baseline,True,dit,dit_xl2_256.yaml,,provisional_4x4.csv,16,16,p2_noise_x_s798_sev0.25_rel;p2_compare_states,,"{""hook"": ""noise_x"", ""scale"": ""rel"", ""severity"": 0.25, ""stage"": 798}",11.67,31.31,1.9569,10079.0,NVIDIA A100-SXM4-40GB,2.1.2,dd8997f72b5bbb58b45edb0bceb541a3d0839e46,True,25656645.pbs101,2026-10-02T10:10:32Z,dit/noise_x_s798_sev0.25
p2/dit_pilot_25656645/noise_x_s798_sev1.0,p2,dit_pilot_25656645,noise_x_s798_sev1.0,intervention,p2/dit_pilot_25656645/baseline,True,dit,dit_xl2_256.yaml,,provisional_4x4.csv,16,16,p2_noise_x_s798_sev1_rel;p2_compare_states,,"{""hook"": ""noise_x"", ""scale"": ""rel"", ""severity"": 1.0, ""stage"": 798}",11.97,31.26,1.9538,10079.0,NVIDIA A100-SXM4-40GB,2.1.2,dd8997f72b5bbb58b45edb0bceb541a3d0839e46,True,25656645.pbs101,2026-10-02T10:11:21Z,dit/noise_x_s798_sev1.0
p2/var_pilot_25656645/baseline,p2,var_pilot_25656645,baseline,baseline,,,var,var_d20.yaml,20,provisional_4x4.csv,16,16,p2_save_states,,{},7.93,5.3,0.3312,17147.0,NVIDIA A100-SXM4-40GB,2.1.2,dd8997f72b5bbb58b45edb0bceb541a3d0839e46,True,25656645.pbs101,2026-10-02T10:07:27Z,var/baseline
p2/var_pilot_25656645/noise_h_s0_sev0.25,p2,var_pilot_25656645,noise_h_s0_sev0.25,intervention,p2/var_pilot_25656645/baseline,True,var,var_d20.yaml,20,provisional_4x4.csv,16,16,p2_noise_h_s0_sev0.25_rel;p2_compare_states,,"{""hook"": ""noise_h"", ""scale"": ""rel"", ""severity"": 0.25, ""stage"": 0}",2.08,2.4,0.15,17147.0,NVIDIA A100-SXM4-40GB,2.1.2,dd8997f72b5bbb58b45edb0bceb541a3d0839e46,True,25656645.pbs101,2026-10-02T10:07:36Z,var/noise_h_s0_sev0.25
p2/var_pilot_25656645/noise_h_s0_sev1.0,p2,var_pilot_25656645,noise_h_s0_sev1.0,intervention,p2/var_pilot_25656645/baseline,True,var,var_d20.yaml,20,provisional_4x4.csv,16,16,p2_noise_h_s0_sev1_rel;p2_compare_states,,"{""hook"": ""noise_h"", ""scale"": ""rel"", ""severity"": 1.0, ""stage"": 0}",2.35,2.0,0.125,17147.0,NVIDIA A100-SXM4-40GB,2.1.2,dd8997f72b5bbb58b45edb0bceb541a3d0839e46,True,25656645.pbs101,2026-10-02T10:07:46Z,var/noise_h_s0_sev1.0
p2/var_pilot_25656645/noise_h_s3_sev0.25,p2,var_pilot_25656645,noise_h_s3_sev0.25,intervention,p2/var_pilot_25656645/baseline,True,var,var_d20.yaml,20,provisional_4x4.csv,16,16,p2_noise_h_s3_sev0.25_rel;p2_compare_states,,"{""hook"": ""noise_h"", ""scale"": ""rel"", ""severity"": 0.25, ""stage"": 3}",2.19,1.92,0.12,17147.0,NVIDIA A100-SXM4-40GB,2.1.2,dd8997f72b5bbb58b45edb0bceb541a3d0839e46,True,25656645.pbs101,2026-10-02T10:07:56Z,var/noise_h_s3_sev0.25
p2/var_pilot_25656645/noise_h_s3_sev1.0,p2,var_pilot_25656645,noise_h_s3_sev1.0,intervention,p2/var_pilot_25656645/baseline,True,var,var_d20.yaml,20,provisional_4x4.csv,16,16,p2_noise_h_s3_sev1_rel;p2_compare_states,,"{""hook"": ""noise_h"", ""scale"": ""rel"", ""severity"": 1.0, ""stage"": 3}",2.18,1.84,0.115,17147.0,NVIDIA A100-SXM4-40GB,2.1.2,dd8997f72b5bbb58b45edb0bceb541a3d0839e46,True,25656645.pbs101,2026-10-02T10:08:05Z,var/noise_h_s3_sev1.0
p2/var_pilot_25656645/noise_h_s6_sev0.25,p2,var_pilot_25656645,noise_h_s6_sev0.25,intervention,p2/var_pilot_25656645/baseline,True,var,var_d20.yaml,20,provisional_4x4.csv,16,16,p2_noise_h_s6_sev0.25_rel;p2_compare_states,,"{""hook"": ""noise_h"", ""scale"": ""rel"", ""severity"": 0.25, ""stage"": 6}",2.22,1.87,0.1169,17147.0,NVIDIA A100-SXM4-40GB,2.1.2,dd8997f72b5bbb58b45edb0bceb541a3d0839e46,True,25656645.pbs101,2026-10-02T10:08:13Z,var/noise_h_s6_sev0.25
p2/var_pilot_25656645/noise_h_s6_sev1.0,p2,var_pilot_25656645,noise_h_s6_sev1.0,intervention,p2/var_pilot_25656645/baseline,True,var,var_d20.yaml,20,provisional_4x4.csv,16,16,p2_noise_h_s6_sev1_rel;p2_compare_states,,"{""hook"": ""noise_h"", ""scale"": ""rel"", ""severity"": 1.0, ""stage"": 6}",2.4,1.77,0.1106,17147.0,NVIDIA A100-SXM4-40GB,2.1.2,dd8997f72b5bbb58b45edb0bceb541a3d0839e46,True,25656645.pbs101,2026-10-02T10:08:23Z,var/noise_h_s6_sev1.0
p2/var_pilot_25656645/noise_h_s9_sev0.25,p2,var_pilot_25656645,noise_h_s9_sev0.25,intervention,p2/var_pilot_25656645/baseline,True,var,var_d20.yaml,20,provisional_4x4.csv,16,16,p2_noise_h_s9_sev0.25_rel;p2_compare_states,,"{""hook"": ""noise_h"", ""scale"": ""rel"", ""severity"": 0.25, ""stage"": 9}",2.51,1.76,0.11,17145.0,NVIDIA A100-SXM4-40GB,2.1.2,dd8997f72b5bbb58b45edb0bceb541a3d0839e46,True,25656645.pbs101,2026-10-02T10:08:34Z,var/noise_h_s9_sev0.25
p2/var_pilot_25656645/noise_h_s9_sev1.0,p2,var_pilot_25656645,noise_h_s9_sev1.0,intervention,p2/var_pilot_25656645/baseline,True,var,var_d20.yaml,20,provisional_4x4.csv,16,16,p2_noise_h_s9_sev1_rel;p2_compare_states,,"{""hook"": ""noise_h"", ""scale"": ""rel"", ""severity"": 1.0, ""stage"": 9}",2.27,1.78,0.1113,17143.0,NVIDIA A100-SXM4-40GB,2.1.2,dd8997f72b5bbb58b45edb0bceb541a3d0839e46,True,25656645.pbs101,2026-10-02T10:08:43Z,var/noise_h_s9_sev1.0
