class_id,seed
151,500681170
151,1243737648
151,1708274738
151,449620303
151,1848494427
151,1053520053
151,555004536
151,921129829
151,328674737
151,41884498
151,1722329163
151,834823554
151,1605385126
151,1465473736
151,882956483
151,1646137438
151,1436540250
151,993997169
151,1208617961
151,350025055
151,1099307441
151,1395139478
151,269360494
151,740073375
151,2033316824
151,1072646274
151,1435133289
151,834323450
151,272264429
151,842954208
151,1584203791
151,945915939
153,1168424995
153,1044264113
153,2093523243
153,337354136
153,210371708
153,1868463521
153,1056913820
153,368152179
153,1048787237
153,2120905157
153,2141238596
153,1984150529
153,2027646285
153,198101456
153,1412002890
153,2038075705
153,640580712
153,1986356908
153,45524309
153,2005943828
153,2138627791
153,2007147165
153,1815686491
153,316420447
153,1215411223
153,1310098424
153,2005222247
153,77350623
153,1546467964
153,1438500835
153,1992107231
153,158509362
162,1043169579
162,1985368408
162,82937106
162,2055365377
162,636184477
162,1322566571
162,784766373
162,1402443797
162,2889995
162,1375825455
162,46304289
162,289131384
162,1889845171
162,1633291716
162,736360321
162,729502521
162,238679552
162,544828727
162,1735593104
162,1755328291
162,1178338570
162,1426127551
162,1461281403
162,851061561
162,426818710
162,1839380429
162,366415157
162,850840309
162,1429283559
162,408485510
162,1878862238
162,700350462
207,1981306527
207,1225549954
207,1301039215
207,1644834186
207,414561092
207,1712224240
207,1582786868
207,1791781711
207,1506917239
207,206181093
207,564894536
207,1091440974
207,320031621
207,1684440441
207,931276770
207,512815315
207,1376831319
207,1867647132
207,1544047595
207,1623717701
207,1701730776
207,951512201
207,364733663
207,21661898
207,755565
207,1061462954
207,13292585
207,217506997
207,773898102
207,676408591
207,535733645
207,396079577
235,558037828
235,116111590
235,1580916698
235,1757951819
235,1886010652
235,344650996
235,605998974
235,695048431
235,701124076
235,721052117
235,1923992654
235,49283763
235,1662494977
235,1025499777
235,797840366
235,1316671546
235,1606416762
235,1056545463
235,1052075351
235,1215890
235,1479214622
235,1114882254
235,1477852534
235,925755567
235,73577604
235,1938021101
235,872606946
235,217191090
235,349859340
235,2022531411
235,661053701
235,178542312
254,349380438
254,94839082
254,970284086
254,193412613
254,622846954
254,1206346522
254,341166903
254,265046096
254,678690261
254,1670947382
254,1557446199
254,1779113033
254,1290506109
254,781990530
254,1690735781
254,1247338012
254,747662550
254,125414840
254,973899247
254,307974105
254,1424520030
254,1780583712
254,1462986321
254,1266811906
254,1156384396
254,723866827
254,133544727
254,2053018654
254,622160196
254,671413338
254,1507287988
254,185288521
258,839663370
258,346215853
258,816890196
258,1877781104
258,1719881462
258,1981231466
258,544164621
258,1839438369
258,1251284404
258,1124478248
258,390760874
258,1410454099
258,1900428368
258,919031897
258,2100910427
258,1075110999
258,213601661
258,1393931355
258,187166917
258,1587621154
258,729172545
258,577977293
258,1475818132
258,1428557990
258,1450227095
258,1654157046
258,99126539
258,503331396
258,629702750
258,444172968
258,454864256
258,950861
